payload,range_au,closure_kms,evasion_g,seed,closest_km,fuel_kms,damage_j,finished,destroyed
kinetic,0.01,0,0,1000,0.067,53722.532,17280165245181.895,true,true
kinetic,0.01,0,0,1001,658.586,53718.416,-0.000,true,false
kinetic,0.01,0,0,1002,0.077,53830.249,17302870560480.479,true,true
kinetic,0.01,0,0,1003,333.095,53507.404,-0.000,true,false
kinetic,0.01,0,0,1004,0.019,53768.795,17294705066432.527,true,true
kinetic,0.01,0,10,1000,0.009,55289.245,9056032845646.621,true,true
kinetic,0.01,0,10,1001,0.002,55291.349,9066214230280.467,true,true
kinetic,0.01,0,10,1002,0.034,55289.993,9200703518828.006,true,true
kinetic,0.01,0,10,1003,0.011,55285.928,9136355753802.896,true,true
kinetic,0.01,0,10,1004,0.011,55283.431,9119317936279.908,true,true
kinetic,0.01,2997.92458,0,1000,0.067,56281.503,21306191507160.320,true,true
kinetic,0.01,2997.92458,0,1001,0.062,56208.695,21297057169230.621,true,true
kinetic,0.01,2997.92458,0,1002,0.084,56233.421,21302885869889.102,true,true
kinetic,0.01,2997.92458,0,1003,0.048,56123.999,21296450116805.844,true,true
kinetic,0.01,2997.92458,0,1004,0.023,56243.600,21302244886282.617,true,true
kinetic,0.01,2997.92458,10,1000,0.074,57303.814,13435434026373.959,true,true
kinetic,0.01,2997.92458,10,1001,0.057,57313.989,13559531029531.119,true,true
kinetic,0.01,2997.92458,10,1002,0.012,57313.395,13605874126696.400,true,true
kinetic,0.01,2997.92458,10,1003,0.086,57304.146,13606513443339.068,true,true
kinetic,0.01,2997.92458,10,1004,0.002,57306.730,13563790446729.916,true,true
kinetic,0.1,0,0,1000,194.191,39399.804,-0.000,true,false
kinetic,0.1,0,0,1001,1154.737,39391.960,-0.000,true,false
kinetic,0.1,0,0,1002,4699.450,39366.531,-0.000,true,false
kinetic,0.1,0,0,1003,3390.531,39375.737,-0.000,true,false
kinetic,0.1,0,0,1004,206.130,39398.799,-0.000,true,false
kinetic,0.1,0,10,1000,0.029,39149.442,155130576174051.250,true,true
kinetic,0.1,0,10,1001,0.316,39126.324,163618003302626.094,true,true
kinetic,0.1,0,10,1002,0.276,39193.735,161032164488824.219,true,true
kinetic,0.1,0,10,1003,0.169,39035.382,166146138655818.219,true,true
kinetic,0.1,0,10,1004,21538.544,38702.527,-0.000,true,false
kinetic,0.1,2997.92458,0,1000,221.348,42195.471,-0.000,true,false
kinetic,0.1,2997.92458,0,1001,1159.147,42187.957,-0.000,true,false
kinetic,0.1,2997.92458,0,1002,4708.635,42162.494,-0.000,true,false
kinetic,0.1,2997.92458,0,1003,3399.593,42171.728,-0.000,true,false
kinetic,0.1,2997.92458,0,1004,220.910,42195.973,-0.000,true,false
kinetic,0.1,2997.92458,10,1000,0.008,41851.834,161389215880874.438,true,true
kinetic,0.1,2997.92458,10,1001,0.013,41908.951,161777939207148.312,true,true
kinetic,0.1,2997.92458,10,1002,0.185,41968.642,165035563348031.500,true,true
kinetic,0.1,2997.92458,10,1003,0.054,41587.064,159446281067718.594,true,true
kinetic,0.1,2997.92458,10,1004,0.043,41775.375,161250541902999.219,true,true
kinetic,1,0,0,1000,5794.416,23914.475,-0.000,true,false
kinetic,1,0,0,1001,15567.177,23892.842,-0.000,true,false
kinetic,1,0,0,1002,51516.458,23814.533,-0.000,true,false
kinetic,1,0,0,1003,38268.826,23839.875,-0.000,true,false
kinetic,1,0,0,1004,5957.689,23914.064,-0.000,true,false
kinetic,1,0,10,1000,128225.201,20298.283,-0.000,true,false
kinetic,1,0,10,1001,5949.701,19038.267,-0.000,true,false
kinetic,1,0,10,1002,81089.948,19861.936,-0.000,true,false
kinetic,1,0,10,1003,79372.989,19526.962,-0.000,true,false
kinetic,1,0,10,1004,33687.887,19079.258,-0.000,true,false
kinetic,1,2997.92458,0,1000,5808.987,23917.894,-0.000,true,false
kinetic,1,2997.92458,0,1001,15581.132,23894.257,-0.000,true,false
kinetic,1,2997.92458,0,1002,51526.844,23809.196,-0.000,true,false
kinetic,1,2997.92458,0,1003,38280.254,23836.987,-0.000,true,false
kinetic,1,2997.92458,0,1004,5973.458,23917.439,-0.000,true,false
kinetic,1,2997.92458,10,1000,162907.697,19576.463,-0.000,true,false
kinetic,1,2997.92458,10,1001,126994.670,19074.421,-0.000,true,false
kinetic,1,2997.92458,10,1002,80827.242,20492.370,-0.000,true,false
kinetic,1,2997.92458,10,1003,45234.907,20898.923,-0.000,true,false
kinetic,1,2997.92458,10,1004,76226.794,20029.283,-0.000,true,false
kinetic,10,0,0,1000,58922.579,23912.621,-0.000,true,false
kinetic,10,0,0,1001,156770.888,23928.687,-0.000,true,false
kinetic,10,0,0,1002,516245.452,23824.271,-0.000,true,false
kinetic,10,0,0,1003,384112.538,23793.871,-0.000,true,false
kinetic,10,0,0,1004,60565.378,23912.441,-0.000,true,false
kinetic,10,0,10,1000,67411437.279,13936.042,-0.000,true,false
kinetic,10,0,10,1001,321559.694,17786.229,-0.000,true,false
kinetic,10,0,10,1002,3777996.265,14.415,-0.000,true,false
kinetic,10,0,10,1003,85106026.748,13231.870,-0.000,true,false
kinetic,10,0,10,1004,125611296.803,16836.186,-0.000,true,false
kinetic,10,2997.92458,0,1000,58933.510,23915.465,-0.000,true,false
kinetic,10,2997.92458,0,1001,156772.699,23924.780,-0.000,true,false
kinetic,10,2997.92458,0,1002,516248.182,23811.594,-0.000,true,false
kinetic,10,2997.92458,0,1003,384103.576,23783.732,-0.000,true,false
kinetic,10,2997.92458,0,1004,60575.438,23914.928,-0.000,true,false
kinetic,10,2997.92458,10,1000,29572328.553,13722.698,-0.000,true,false
kinetic,10,2997.92458,10,1001,6461411.796,17987.365,-0.000,true,false
kinetic,10,2997.92458,10,1002,27534882.270,7729.615,-0.000,true,false
kinetic,10,2997.92458,10,1003,8031486.421,17987.346,-0.000,true,false
kinetic,10,2997.92458,10,1004,5211888.272,17987.320,-0.000,true,false
nuclear,0.01,0,0,1000,2903.095,53320.124,75000000000000.000,true,true
nuclear,0.01,0,0,1001,3320.268,53320.712,75000000000000.000,true,true
nuclear,0.01,0,0,1002,1024.721,53307.179,75000000000000.000,true,true
nuclear,0.01,0,0,1003,677.388,53259.519,75000000000000.000,true,true
nuclear,0.01,0,0,1004,1386.620,53308.944,75000000000000.000,true,true
nuclear,0.01,0,10,1000,0.052,55670.406,75000000000000.000,true,true
nuclear,0.01,0,10,1001,0.099,55654.795,75000000000000.000,true,true
nuclear,0.01,0,10,1002,0.089,55667.358,75000000000000.000,true,true
nuclear,0.01,0,10,1003,0.020,55669.809,75000000000000.000,true,true
nuclear,0.01,0,10,1004,0.097,55672.794,75000000000000.000,true,true
nuclear,0.01,2997.92458,0,1000,0.001,55769.894,75000000000000.000,true,true
nuclear,0.01,2997.92458,0,1001,1131.513,55673.720,75000000000000.000,true,true
nuclear,0.01,2997.92458,0,1002,1049.241,55673.426,75000000000000.000,true,true
nuclear,0.01,2997.92458,0,1003,605.192,55663.129,75000000000000.000,true,true
nuclear,0.01,2997.92458,0,1004,350.437,55663.423,75000000000000.000,true,true
nuclear,0.01,2997.92458,10,1000,0.094,57735.502,75000000000000.000,true,true
nuclear,0.01,2997.92458,10,1001,0.063,57732.169,75000000000000.000,true,true
nuclear,0.01,2997.92458,10,1002,0.098,57737.631,75000000000000.000,true,true
nuclear,0.01,2997.92458,10,1003,0.066,57724.523,75000000000000.000,true,true
nuclear,0.01,2997.92458,10,1004,0.061,57736.325,75000000000000.000,true,true
nuclear,0.1,0,0,1000,499.598,38761.662,75000000000000.000,true,true
nuclear,0.1,0,0,1001,1339.073,38761.662,75000000000000.000,true,true
nuclear,0.1,0,0,1002,4345.505,38764.015,75000000000000.000,true,true
nuclear,0.1,0,0,1003,3286.289,38761.662,75000000000000.000,true,true
nuclear,0.1,0,0,1004,513.610,38761.662,75000000000000.000,true,true
nuclear,0.1,0,10,1000,0.027,39181.710,75000000000000.000,true,true
nuclear,0.1,0,10,1001,0.060,39267.453,75000000000000.000,true,true
nuclear,0.1,0,10,1002,0.101,39325.890,75000000000000.000,true,true
nuclear,0.1,0,10,1003,6713.437,38771.664,75000000000000.000,true,true
nuclear,0.1,0,10,1004,28716.550,38697.232,20434830585376.270,true,true
nuclear,0.1,2997.92458,0,1000,551.536,41554.497,75000000000000.000,true,true
nuclear,0.1,2997.92458,0,1001,1480.495,41554.497,75000000000000.000,true,true
nuclear,0.1,2997.92458,0,1002,4896.051,41554.497,75000000000000.000,true,true
nuclear,0.1,2997.92458,0,1003,3637.344,41554.497,75000000000000.000,true,true
nuclear,0.1,2997.92458,0,1004,567.078,41554.497,75000000000000.000,true,true
nuclear,0.1,2997.92458,10,1000,0.018,41928.556,75000000000000.000,true,true
nuclear,0.1,2997.92458,10,1001,0.105,41971.872,75000000000000.000,true,true
nuclear,0.1,2997.92458,10,1002,0.083,41925.898,75000000000000.000,true,true
nuclear,0.1,2997.92458,10,1003,14174.160,41498.305,75000000000000.000,true,true
nuclear,0.1,2997.92458,10,1004,0.104,41671.899,75000000000000.000,true,true
nuclear,1,0,0,1000,5810.836,23919.011,75000000000000.000,true,true
nuclear,1,0,0,1001,15583.957,23897.628,69387317602969.125,true,true
nuclear,1,0,0,1002,51521.302,23818.160,-0.000,true,false
nuclear,1,0,0,1003,38265.542,23841.684,-0.000,true,false
nuclear,1,0,0,1004,5971.018,23917.747,75000000000000.000,true,true
nuclear,1,0,10,1000,128030.273,20298.577,-0.000,true,false
nuclear,1,0,10,1001,8324.919,18899.291,75000000000000.000,true,true
nuclear,1,0,10,1002,80982.243,19862.524,-0.000,true,false
nuclear,1,0,10,1003,84574.946,19527.256,-0.000,true,false
nuclear,1,0,10,1004,33628.197,19079.520,-0.000,true,false
nuclear,1,2997.92458,0,1000,5815.463,23919.873,75000000000000.000,true,true
nuclear,1,2997.92458,0,1001,15587.799,23896.625,69353117551598.156,true,true
nuclear,1,2997.92458,0,1002,51522.485,23810.925,-0.000,true,false
nuclear,1,2997.92458,0,1003,38269.369,23837.061,-0.000,true,false
nuclear,1,2997.92458,0,1004,5975.862,23918.291,75000000000000.000,true,true
nuclear,1,2997.92458,10,1000,162585.636,19577.065,-0.000,true,false
nuclear,1,2997.92458,10,1001,126736.351,19075.598,-0.000,true,false
nuclear,1,2997.92458,10,1002,87438.760,20492.958,-0.000,true,false
nuclear,1,2997.92458,10,1003,45205.484,20899.217,-0.000,true,false
nuclear,1,2997.92458,10,1004,76152.773,20029.577,-0.000,true,false
nuclear,10,0,0,1000,58914.462,23915.787,-0.000,true,false
nuclear,10,0,0,1001,156770.470,23929.385,-0.000,true,false
nuclear,10,0,0,1002,516244.197,23825.000,-0.000,true,false
nuclear,10,0,0,1003,384120.962,23790.026,-0.000,true,false
nuclear,10,0,0,1004,60547.247,23912.734,-0.000,true,false
nuclear,10,0,10,1000,83425898.676,14972.544,-0.000,true,false
nuclear,10,0,10,1001,321127.140,17786.229,-0.000,true,false
nuclear,10,0,10,1002,104897695.711,15457.911,-0.000,true,false
nuclear,10,0,10,1003,89799119.366,15060.764,-0.000,true,false
nuclear,10,0,10,1004,129068007.318,17870.432,-0.000,true,false
nuclear,10,2997.92458,0,1000,58927.370,23918.617,-0.000,true,false
nuclear,10,2997.92458,0,1001,156772.242,23925.227,-0.000,true,false
nuclear,10,2997.92458,0,1002,516246.800,23812.445,-0.000,true,false
nuclear,10,2997.92458,0,1003,384109.817,23780.494,-0.000,true,false
nuclear,10,2997.92458,0,1004,60562.787,23916.074,-0.000,true,false
nuclear,10,2997.92458,10,1000,47901522.138,16590.633,-0.000,true,false
nuclear,10,2997.92458,10,1001,6461411.796,17987.365,-0.000,true,false
nuclear,10,2997.92458,10,1002,34910742.842,15002.000,-0.000,true,false
nuclear,10,2997.92458,10,1003,8031486.421,17987.346,-0.000,true,false
nuclear,10,2997.92458,10,1004,5211888.272,17987.320,-0.000,true,false
laser,0.01,0,0,1000,68410.050,53476.344,15000000000000.000,true,true
laser,0.01,0,0,1001,68329.612,53476.344,15000000000000.000,true,true
laser,0.01,0,0,1002,70491.545,53476.344,15000000000000.000,true,true
laser,0.01,0,0,1003,82245.948,53476.344,15000000000000.000,true,true
laser,0.01,0,0,1004,70065.150,53476.344,15000000000000.000,true,true
laser,0.01,0,10,1000,299730.914,55679.321,-0.000,true,false
laser,0.01,0,10,1001,299752.402,55669.207,-0.000,true,false
laser,0.01,0,10,1002,299720.502,55674.317,15000000000000.000,true,true
laser,0.01,0,10,1003,299701.557,55684.345,-0.000,true,false
laser,0.01,0,10,1004,299767.691,55683.633,-0.000,true,false
laser,0.01,2997.92458,0,1000,75510.059,55831.394,15000000000000.000,true,true
laser,0.01,2997.92458,0,1001,75454.791,55829.940,15000000000000.000,true,true
laser,0.01,2997.92458,0,1002,75446.701,55829.940,15000000000000.000,true,true
laser,0.01,2997.92458,0,1003,77154.364,55829.940,15000000000000.000,true,true
laser,0.01,2997.92458,0,1004,77094.685,55829.940,15000000000000.000,true,true
laser,0.01,2997.92458,10,1000,299783.092,57745.226,-0.000,true,false
laser,0.01,2997.92458,10,1001,299742.367,57744.550,-0.000,true,false
laser,0.01,2997.92458,10,1002,299746.872,57746.338,-0.000,true,false
laser,0.01,2997.92458,10,1003,299700.596,57729.520,-0.000,true,false
laser,0.01,2997.92458,10,1004,299698.893,57745.825,-0.000,true,false
laser,0.1,0,0,1000,5511.451,38766.369,15000000000000.000,true,true
laser,0.1,0,0,1001,5651.343,38766.369,15000000000000.000,true,true
laser,0.1,0,0,1002,5049.916,38766.369,15000000000000.000,true,true
laser,0.1,0,0,1003,6405.344,38766.369,15000000000000.000,true,true
laser,0.1,0,0,1004,5512.759,38766.369,15000000000000.000,true,true
laser,0.1,0,10,1000,299483.363,39204.821,-0.000,true,false
laser,0.1,0,10,1001,299751.095,39286.057,-0.000,true,false
laser,0.1,0,10,1002,299597.048,39336.278,-0.000,true,false
laser,0.1,0,10,1003,299478.527,39017.615,15000000000000.000,true,true
laser,0.1,0,10,1004,299775.599,38951.126,-0.000,true,false
laser,0.1,2997.92458,0,1000,8301.732,41561.264,15000000000000.000,true,true
laser,0.1,2997.92458,0,1001,8417.466,41561.264,15000000000000.000,true,true
laser,0.1,2997.92458,0,1002,9648.423,41561.264,15000000000000.000,true,true
laser,0.1,2997.92458,0,1003,9062.771,41561.264,15000000000000.000,true,true
laser,0.1,2997.92458,0,1004,8302.811,41561.264,15000000000000.000,true,true
laser,0.1,2997.92458,10,1000,299795.821,41958.528,-0.000,true,false
laser,0.1,2997.92458,10,1001,299550.376,41997.309,-0.000,true,false
laser,0.1,2997.92458,10,1002,299659.079,41963.127,-0.000,true,false
laser,0.1,2997.92458,10,1003,299740.101,41749.552,-0.000,true,false
laser,0.1,2997.92458,10,1004,299751.092,41757.786,-0.000,true,false
laser,1,0,0,1000,97330.979,23959.316,15000000000000.000,true,true
laser,1,0,0,1001,96157.110,23936.757,15000000000000.000,true,true
laser,1,0,0,1002,99921.524,23853.464,15000000000000.000,true,true
laser,1,0,0,1003,105059.357,23881.989,15000000000000.000,true,true
laser,1,0,0,1004,99624.964,23958.935,15000000000000.000,true,true
laser,1,0,10,1000,299748.462,20410.373,-0.000,true,false
laser,1,0,10,1001,299101.295,19023.149,-0.000,true,false
laser,1,0,10,1002,299293.494,19981.086,15000000000000.000,true,true
laser,1,0,10,1003,299586.796,19645.524,15000000000000.000,true,true
laser,1,0,10,1004,299567.383,19202.201,-0.000,true,false
laser,1,2997.92458,0,1000,101412.104,23958.413,15000000000000.000,true,true
laser,1,2997.92458,0,1001,100121.284,23934.282,15000000000000.000,true,true
laser,1,2997.92458,0,1002,103126.798,23845.052,15000000000000.000,true,true
laser,1,2997.92458,0,1003,108063.098,23875.601,15000000000000.000,true,true
laser,1,2997.92458,0,1004,103779.230,23958.008,15000000000000.000,true,true
laser,1,2997.92458,10,1000,299701.979,19672.974,-0.000,true,false
laser,1,2997.92458,10,1001,299391.601,19178.862,-0.000,true,false
laser,1,2997.92458,10,1002,299654.815,20602.106,-0.000,true,false
laser,1,2997.92458,10,1003,299385.051,21011.601,15000000000000.000,true,true
laser,1,2997.92458,10,1004,299625.689,20139.902,-0.000,true,false
laser,10,0,0,1000,105296.895,23951.973,15000000000000.000,true,true
laser,10,0,0,1001,156770.470,23929.385,-0.000,true,false
laser,10,0,0,1002,516244.197,23825.000,-0.000,true,false
laser,10,0,0,1003,384120.962,23790.026,-0.000,true,false
laser,10,0,0,1004,111297.026,23951.274,15000000000000.000,true,true
laser,10,0,10,1000,83400137.063,14972.544,-0.000,true,false
laser,10,0,10,1001,321127.140,17786.229,-0.000,true,false
laser,10,0,10,1002,104692642.648,15457.911,-0.000,true,false
laser,10,0,10,1003,89617555.559,15060.764,-0.000,true,false
laser,10,0,10,1004,128934948.329,17870.432,-0.000,true,false
laser,10,2997.92458,0,1000,102712.867,23950.685,15000000000000.000,true,true
laser,10,2997.92458,0,1001,156772.242,23925.227,-0.000,true,false
laser,10,2997.92458,0,1002,516246.800,23812.445,-0.000,true,false
laser,10,2997.92458,0,1003,384109.817,23780.494,-0.000,true,false
laser,10,2997.92458,0,1004,107464.178,23949.907,15000000000000.000,true,true
laser,10,2997.92458,10,1000,47875137.519,16590.633,-0.000,true,false
laser,10,2997.92458,10,1001,6461411.796,17987.365,-0.000,true,false
laser,10,2997.92458,10,1002,34789709.541,15002.000,-0.000,true,false
laser,10,2997.92458,10,1003,8031486.421,17987.346,-0.000,true,false
laser,10,2997.92458,10,1004,5211888.272,17987.320,-0.000,true,false
