payload,range_au,error_ls,seed,hit,damage_j,closest_km,finished
SRM,0.03,0,1000,true,80895079620459.92,0.19072436450508276,true
SRM,0.03,0,1001,true,80894770051181.03,0.043448523744269,true
SRM,0.03,0,1002,true,80882871902833.6,0.1990237899955947,true
SRM,0.03,0,1003,true,80890091535519.23,0.1988986653189939,true
SRM,0.03,0,1004,true,80893386671926.45,0.002364837955754408,true
SRM,0.03,0.5,1000,true,81269885010870.22,0.045869946118801436,true
SRM,0.03,0.5,1001,true,81270382989638.9,0.15171809501417835,true
SRM,0.03,0.5,1002,true,81248330833808.8,0.1693424468161774,true
SRM,0.03,0.5,1003,true,81268078451296.64,0.07087731143979532,true
SRM,0.03,0.5,1004,true,81266642044626.52,0.051103012402161585,true
SRM,0.03,5,1000,false,-0,1421594.4858403632,true
SRM,0.03,5,1001,false,-0,1421409.7333409255,true
SRM,0.03,5,1002,false,-0,1422522.2854057061,true
SRM,0.03,5,1003,false,-0,1421146.7297124148,true
SRM,0.03,5,1004,false,-0,1421815.1216719826,true
SRM,0.1,0,1000,true,80894128548369.61,0.08472020364437052,true
SRM,0.1,0,1001,true,80889152699702.66,0.03616217944682332,true
SRM,0.1,0,1002,false,-0,654.0963491678832,true
SRM,0.1,0,1003,true,80846992620653.67,0.03414132776020016,true
SRM,0.1,0,1004,true,80893625656927.08,0.2883520318848021,true
SRM,0.1,0.5,1000,false,-0,113470.86744229743,true
SRM,0.1,0.5,1001,false,-0,112565.54736803913,true
SRM,0.1,0.5,1002,false,-0,118700.6553869033,true
SRM,0.1,0.5,1003,false,-0,110666.8662427767,true
SRM,0.1,0.5,1004,false,-0,114608.02093024629,true
SRM,0.1,5,1000,false,-0,1490854.6217393642,true
SRM,0.1,5,1001,false,-0,1489927.4220276787,true
SRM,0.1,5,1002,false,-0,1496051.74529724,true
SRM,0.1,5,1003,false,-0,1488038.582243116,true
SRM,0.1,5,1004,false,-0,1491978.9385723914,true
SRM,1,0,1000,false,-0,110460766.09278086,true
SRM,1,0,1001,false,-0,110460766.09278503,true
SRM,1,0,1002,false,-0,110460766.09283298,true
SRM,1,0,1003,false,-0,110460766.09280919,true
SRM,1,0,1004,false,-0,110460766.09278089,true
SRM,1,0.5,1000,false,-0,110460792.69376163,true
SRM,1,0.5,1001,false,-0,110460792.68274985,true
SRM,1,0.5,1002,false,-0,110460792.75862531,true
SRM,1,0.5,1003,false,-0,110460792.6572962,true
SRM,1,0.5,1004,false,-0,110460792.70723206,true
SRM,1,5,1000,false,-0,110463426.55861948,true
SRM,1,5,1001,false,-0,110463426.44823457,true
SRM,1,5,1002,false,-0,110463427.20542027,true
SRM,1,5,1003,false,-0,110463426.1958179,true
SRM,1,5,1004,false,-0,110463426.69355059,true
SRM,2.5,0,1000,false,-0,334857572.14278024,true
SRM,2.5,0,1001,false,-0,334857572.14278084,true
SRM,2.5,0,1002,false,-0,334857572.14278686,true
SRM,2.5,0,1003,false,-0,334857572.142784,true
SRM,2.5,0,1004,false,-0,334857572.14278024,true
SRM,2.5,0.5,1000,false,-0,334857575.652804,true
SRM,2.5,0.5,1001,false,-0,334857575.6514055,true
SRM,2.5,0.5,1002,false,-0,334857575.6610441,true
SRM,2.5,0.5,1003,false,-0,334857575.6481706,true
SRM,2.5,0.5,1004,false,-0,334857575.6545149,true
SRM,2.5,5,1000,false,-0,334857923.2167234,true
SRM,2.5,5,1001,false,-0,334857923.2027211,true
SRM,2.5,5,1002,false,-0,334857923.29899925,true
SRM,2.5,5,1003,false,-0,334857923.17046,true
SRM,2.5,5,1004,false,-0,334857923.23384374,true
LRM,0.03,0,1000,true,150000000000000,0.000004768371945829117,true
LRM,0.03,0,1001,true,150000000000000,0.0001928253049209065,true
LRM,0.03,0,1002,true,150000000000000,0.0005067876268615344,true
LRM,0.03,0,1003,true,150000000000000,0.0007918109688021085,true
LRM,0.03,0,1004,true,150000000000000,0.00002241134651295068,true
LRM,0.03,0.5,1000,false,-0,124612.69296672846,true
LRM,0.03,0.5,1001,false,-0,124454.83197980818,true
LRM,0.03,0.5,1002,false,-0,125672.11112435602,true
LRM,0.03,0.5,1003,false,-0,124048.15308947142,true
LRM,0.03,0.5,1004,false,-0,124847.9693305294,true
LRM,0.03,5,1000,false,-0,1421609.6292539465,true
LRM,0.03,5,1001,false,-0,1421443.0297781092,true
LRM,0.03,5,1002,false,-0,1422448.9970989611,true
LRM,0.03,5,1003,false,-0,1421205.3269945162,true
LRM,0.03,5,1004,false,-0,1421810.5729411065,true
LRM,0.1,0,1000,true,150000000000000,127.36268549094301,true
LRM,0.1,0,1001,true,150000000000000,1041.4711705659336,true
LRM,0.1,0,1002,true,150000000000000,4559.079370252186,true
LRM,0.1,0,1003,true,150000000000000,3273.862059943412,true
LRM,0.1,0,1004,true,150000000000000,143.45833051338678,true
LRM,0.1,0.5,1000,false,-0,149216.94628815606,true
LRM,0.1,0.5,1001,false,-0,148241.8387581993,true
LRM,0.1,0.5,1002,false,-0,154899.8774957034,true
LRM,0.1,0.5,1003,false,-0,146029.05030389587,true
LRM,0.1,0.5,1004,false,-0,150406.64409464144,true
LRM,0.1,5,1000,false,-0,1490852.8476823783,true
LRM,0.1,5,1001,false,-0,1489926.3269486888,true
LRM,0.1,5,1002,false,-0,1496051.4349135607,true
LRM,0.1,5,1003,false,-0,1488038.4658427886,true
LRM,0.1,5,1004,false,-0,1491980.7981063046,true
LRM,1,0,1000,true,150000000000000,5302.806470350214,true
LRM,1,0,1001,true,148388758389728.72,15070.660118416192,true
LRM,1,0,1002,false,-0,51089.6829561441,true
LRM,1,0,1003,false,-0,37866.864387573056,true
LRM,1,0,1004,true,150000000000000,5492.2756399632,true
LRM,1,0.5,1000,false,-0,143921.81246183117,true
LRM,1,0.5,1001,false,-0,134134.72329972647,true
LRM,1,0.5,1002,false,-0,201395.21239072428,true
LRM,1,0.5,1003,false,-0,111412.60496138575,true
LRM,1,0.5,1004,false,-0,155886.77127187376,true
LRM,1,5,1000,false,-0,1492892.1154578065,true
LRM,1,5,1001,false,-0,1483100.0000750122,true
LRM,1,5,1002,false,-0,1550209.301194888,true
LRM,1,5,1003,false,-0,1460626.0911761431,true
LRM,1,5,1004,false,-0,1504862.6303613223,true
LRM,2.5,0,1000,true,150000000000000,14017.270898404005,true
LRM,2.5,0,1001,false,-0,38412.110339623745,true
LRM,2.5,0,1002,false,-0,128904.44647111662,true
LRM,2.5,0,1003,false,-0,95744.40326386769,true
LRM,2.5,0,1004,true,150000000000000,14406.25545095841,true
LRM,2.5,0.5,1000,false,-0,135076.33239702205,true
LRM,2.5,0.5,1001,false,-0,110420.53395902831,true
LRM,2.5,0.5,1002,false,-0,278787.5853227783,true
LRM,2.5,0.5,1003,false,-0,53302.147506454276,true
LRM,2.5,0.5,1004,false,-0,165000.56910003157,true
LRM,2.5,5,1000,false,-0,1484103.2570681057,true
LRM,2.5,5,1001,false,-0,1459636.1847512124,true
LRM,2.5,5,1002,false,-0,1627742.9179457112,true
LRM,2.5,5,1003,false,-0,1403248.8954716516,true
LRM,2.5,5,1004,false,-0,1514024.0331169588,true
