range_au,depth,seed,hits_a,hits_b,damage_a,damage_b,destroyed_a,destroyed_b,launched_a,launched_b,finished,interceptor_kills,elapsed_s,hull_a,hull_b,armour_a,armour_b,first_damage_s,first_loss_s,pd_kills,peak_screen_a,peak_screen_b,systems_a,systems_b
0.03,30,1000,5,7,340457209719578.5,455701099507495.3,false,false,30,30,true,43,1590,100,100,99.8125,99.71189945840196,750,,25,0.30195178646765986,0.4039974596592888,1,2
0.03,30,1001,15,4,848718070072674.8,300000000000000,true,false,30,30,true,36,1590,0,99.90277777777739,0,99.4375,660,1350,17,0.3422375706687547,0.264655594187291,2,3
0.03,30,1002,4,9,300000000000000,605987623921919.3,false,false,30,30,true,46,1590,99.91944444444468,89.63870014642673,99.625,89.18055953098708,840,,21,0.2653317428564525,0.49993967960547975,2,3
0.03,30,1003,6,4,415211880554424.7,300000000000000,false,false,30,30,true,42,1590,99.9930555555557,100,99.625,99.625,1320,,28,0.36771045449921586,0.2653301584907682,2,2
0.03,30,1004,11,6,825000000000000,450000000000000,false,false,30,30,true,42,1590,35.72537533614144,100,34.51704200280759,99.8125,840,,21,0.4999882997541611,0.3992719584210689,7,1
0.03,30,1005,4,12,300000000000000,830953150603897.3,false,false,30,30,true,42,1590,100,6.687500000000311,99.625,5.5,840,,22,0.26532517582472886,0.4025472026523916,2,6
0.03,30,1006,10,8,680921330650438.9,565404244058372.5,false,false,30,30,true,43,1590,71.33207776050679,99.87083333333338,70.48786173927111,99.25,780,,19,0.49998830025446056,0.4997571823556767,5,3
0.03,30,1007,6,2,380843934529659.6,150000000000000,false,false,30,30,true,38,1590,100,100,100,99.8125,1350,,34,0.33851729509297873,0.13266656333226678,0,1
0.03,30,1008,4,4,265460720107697.3,300000000000000,false,false,30,30,true,42,1590,100,100,100,99.625,840,,30,0.23596151291599055,0.2653246791025516,0,2
0.03,30,1009,4,5,265468350584205.8,305568698603261.1,false,false,30,30,true,44,1590,100,100,100,100,,,27,0.2359701656756761,0.27160446892903245,0,0
0.03,30,1010,6,11,450000000000000,721210865666991,false,false,30,30,true,49,1590,100,60.99934612343475,99.8125,60.43031307037148,750,,14,0.39928918525656215,0.49998830006659334,1,3
0.03,30,1011,6,10,450000000000000,646412681902990.8,false,false,30,30,true,42,1590,100,79.6568636652528,99.8125,79.0875857550113,720,,22,0.39928946402291304,0.4999883001150794,1,3
0.03,30,1012,7,6,455950038657288.5,450000000000000,false,false,30,30,true,44,1590,100,100,99.61012490335679,99.8125,660,,23,0.40380282020715785,0.3992829895883219,3,1
0.03,30,1013,6,12,450000000000000,865542590811500.5,false,false,30,30,true,39,1590,99.7708333333327,25.307830309503867,99.25,24.418941420614644,990,,23,0.3973069221940337,0.49998830042422193,3,5
0.03,30,1014,6,10,415459744734491.2,646591691333812.3,false,false,30,30,true,41,1590,99.84722222222207,99.60416666666652,99.33635063816376,99.25,840,,23,0.3668902940154267,0.5715368030782224,3,3
0.03,30,1015,6,7,415463108628251.2,525000000000000,false,false,30,30,true,48,1590,99.9930555555557,99.8055555555557,99.8125,99.25,1140,,19,0.3686039388356102,0.4638939172086359,1,4
0.03,30,1016,6,9,415388123583057.5,675000000000000,false,false,30,30,true,41,1590,99.8402777777781,72.32742311809744,99.33652969104236,71.95936756254174,750,,24,0.3668373514548819,0.49998829992249727,4,1
0.03,30,1017,9,5,640460051687518.1,340518770900817.2,false,false,30,30,true,45,1590,100,100,99.7113498707812,99.8125,720,,21,0.5677904543441947,0.3019767950412829,1,1
0.03,30,1018,3,11,190366930987276.28,756040474661897.3,false,false,30,30,true,43,1590,100,52.59511898916899,99.7115826725318,51.72990103506358,720,,23,0.16818916644630927,0.4999883002642455,2,5
0.03,30,1019,13,8,940476790362704.8,565472542350468.3,false,false,30,30,true,44,1590,25.32638888888921,99.83943639159115,24.336308024093242,99.28388083603545,780,,15,0.5660723923724942,0.4999308020291975,3,3
