class,seed,depth,time,winner,srm_launched,lrm_launched,srm_hits,lrm_hits,srm_hp,lrm_hp,srm_crit,lrm_crit,beam_hits,beam_hp,beam_finish,reached_beams,hull_a,hull_b,interceptors_used,interceptor_kills,pd_kills,loss_reason
Battleship,2000,240,16460,0,0,120,0,2,-0,250,0,2,537,15796.32249338191,true,true,0.9087387945868565,0,253,117,0,hull
Battleship,2001,240,15850,0,0,120,0,0,-0,-0,0,0,432,17005.762797874708,true,true,0.8292067748313265,0,262,116,0,hull
Battleship,2002,240,16315,0,0,120,0,6,-0,1072.910520471578,0,3,482,16058.113702567043,true,true,0.8835626061190738,0,265,112,0,hull
Battleship,2003,240,20325,1,320,120,56,5,8928.885335570063,125,10,1,549,13811.72492056056,true,true,0,0.5551903126912051,480,265,13,hull
Battleship,2004,240,20415,0,320,120,54,5,7887.997742377211,375,4,3,553,17053.454720601443,true,true,0.43523423595625427,0,480,280,12,hull
Battleship,2005,240,20400,1,320,120,55,1,8689.62538486209,0,9,0,430,12678.123812844597,true,true,0,0.634741555427588,480,280,13,hull
Battleship,2006,240,17045,0,0,120,0,2,-0,0,0,0,540,19121.177594708704,true,true,0.713860989125317,0,274,117,0,hull
Battleship,2007,240,15720,0,0,120,0,3,-0,125,0,1,447,16259.705814479099,true,true,0.8731448919381808,0,270,113,0,hull
Battleship,2008,240,16115,0,0,120,0,2,-0,0,0,0,562,17835.96651561624,true,true,0.7811891240661895,0,281,115,0,hull
Battleship,2009,240,20295,1,320,120,55,3,8130.326380629182,125,3,1,481,10512.334825025882,true,true,0,0.8189683080700936,480,274,8,hull
Battleship,2010,240,16220,0,0,120,0,4,-0,0,0,0,586,17122.58762723437,true,true,0.8267378432569716,0,240,115,0,hull
Battleship,2011,240,16860,1,0,120,0,2,-0,125,0,1,605,25001.04501923507,true,true,0,0.3454432301460581,247,114,0,hull
