payload,closing_kms,interceptor_stock,shots,int_kills,pd_engaged,pd_kills,warhead_hits,other_misses
Kinetic,0,0,512,0,512,272,86,154
Kinetic,0,1,512,389,123,54,22,47
Kinetic,0,40,512,508,4,1,1,2
Kinetic,2000,0,512,0,512,250,84,178
Kinetic,2000,1,512,386,126,66,15,45
Kinetic,2000,40,512,512,0,0,0,0
Kinetic,19000,0,512,0,512,251,76,185
Kinetic,19000,1,512,384,128,69,20,39
Kinetic,19000,40,512,481,31,17,6,8
Nuclear,0,0,512,0,512,252,243,17
Nuclear,0,1,512,235,277,143,125,9
Nuclear,0,40,512,500,12,8,2,2
Nuclear,2000,0,512,0,512,248,253,11
Nuclear,2000,1,512,236,276,129,137,10
Nuclear,2000,40,512,481,31,12,18,1
Nuclear,19000,0,512,0,512,251,248,13
Nuclear,19000,1,512,252,260,117,137,6
Nuclear,19000,40,512,383,129,63,61,5
