range_au,depth,seed,hits_a,hits_b,damage_a,damage_b,destroyed_a,destroyed_b,launched_a,launched_b,finished,interceptor_kills,elapsed_s,hull_a,hull_b,armour_a,armour_b,first_damage_s,first_loss_s,pd_kills,peak_screen_a,peak_screen_b,systems_a,systems_b,destroyed_systems_a,destroyed_systems_b
0.03,0,1000,3,3,3000000000000000,3000000000000000,true,true,0,0,true,0,900,0,0,0,0,810,840,19,0.9999869694331139,0.9999960342319677,1,1,1,1
0.03,0,1001,3,3,3000000000000000,3000000000000000,true,true,0,0,true,0,840,0,0,0,0,780,810,18,0.9999798602497942,0.9999961227499229,1,2,0,0
0.03,0,1002,3,5,3000000000000000,3000000000000000,true,true,0,0,true,0,930,0,0,0,0,570,780,20,0.9999942400998546,0.9999972523778216,1,4,0,0
0.03,0,1003,4,4,3500000000000000,3500000000000000,true,true,0,0,true,0,840,0,0,0,0,600,810,16,0.999999141974049,0.9999931740397231,3,2,0,0
0.03,0,1004,3,4,3000000000000000,3500000000000000,true,true,0,0,true,0,840,0,0,0,0,600,810,17,0.9999963823225235,0.9999963214501941,2,3,0,0
0.03,30,1000,3,4,3000000000000000,3500000000000000,true,true,30,30,true,45,930,0,0,0,0,660,900,3,0.9999989911053967,0.999986489625391,3,2,0,0
0.03,30,1001,4,3,3500000000000000,3000000000000000,true,true,30,30,true,35,900,0,0,0,0,630,870,5,0.9999793805835125,0.9999877700472585,2,2,0,0
0.03,30,1002,3,4,3000000000000000,3500000000000000,true,true,30,30,true,35,900,0,0,0,0,600,810,5,0.999987458964549,0.9999966747693362,1,2,0,0
0.03,30,1003,4,3,3500000000000000,3000000000000000,true,true,30,30,true,34,870,0,0,0,0,660,840,5,0.9999795806489582,0.9999965763253954,1,2,0,0
0.03,30,1004,4,3,3500000000000000,3000000000000000,true,true,30,30,true,38,900,0,0,0,0,600,870,8,0.999996767378038,0.9999946639003786,2,1,1,0
