class,seed,depth,time,winner,srm_launched,lrm_launched,srm_hits,lrm_hits,srm_hp,lrm_hp,srm_crit,lrm_crit,beam_hits,beam_hp,beam_finish,reached_beams,hull_a,hull_b,interceptors_used,interceptor_kills,pd_kills,loss_reason,final_range_au,drive_disabled_a,drive_disabled_b
Battleship,24000,80,19450,0,96,96,60,26,4214.954113294676,487.5,8,0,361,16746.75478403454,true,true,0.5847074300273079,0,160,48,37,hull,0.007293946824391744,false,true
Battleship,24001,80,9715,1,96,96,33,17,655.2663881580393,150,4,2,0,-0,false,false,0.9700489217915981,0.989033040059635,160,53,39,reactor,0.11755264537438963,true,true
Battleship,24002,80,18730,0,96,96,68,17,4240.016037531728,112.5,4,1,187,16441.751911671567,true,true,0.611774572618794,0,160,47,43,hull,0.010101880876271018,false,true
Battleship,24003,80,10990,0,96,96,67,18,4267.500037295615,112.5,11,0,11,11331.706882854964,true,true,0.9008377619349911,0,160,51,33,hull,0.09397503776043094,false,true
Battleship,24004,80,11455,0,96,96,67,22,4715.0189169218065,262.5,11,0,15,3996.0564817361765,true,true,0.8641025454119586,0.593955242171881,160,50,39,reactor,0.08623345427711396,false,true
Battleship,24005,80,12865,1,96,96,67,16,3776.5003441567696,300,11,1,17,9803.151687703015,true,true,0.2654104361306945,0.8913502007668781,160,51,41,reactor,0.05683051168981063,true,true
Battleship,24006,80,12865,0,96,96,65,14,3267.4747609202896,262.5,3,1,46,18708.06615112301,true,true,0.5056804291082933,0,160,57,31,hull,0.06363889700375394,true,true
Battleship,24007,80,19085,1,96,96,68,18,4315.034038682403,187.5,17,0,10,11017.628685831041,true,true,0,0.9124130936067759,160,62,31,hull,0.05935045553958973,true,false
Battleship,24000,120,10010,0,96,96,64,3,2597.143505606069,37.5,7,0,1,1001.8575438355128,true,false,0.9192975696641866,0.8562648647457072,240,86,20,reactor,0.11173742181526743,false,true
Battleship,24001,120,10005,1,96,96,67,7,3000.218075481256,75,5,0,4,2557.7977085121074,true,true,0.7433800155912372,0.9101467756869422,240,83,23,reactor,0.11179024479652905,true,true
Battleship,24002,120,10985,0,96,96,65,5,2722.196317844073,75,7,0,13,13511.550965308777,true,true,0.8626921836917854,0,240,87,17,hull,0.09277317552382716,true,true
Battleship,24003,120,10010,1,96,96,70,6,3572.5948322633667,0,8,0,2,1101.4415672491687,true,false,0.8124862493897826,0.8962809200851153,240,85,16,reactor,0.11174448135735893,true,false
Battleship,24004,120,11330,0,96,96,68,5,3166.3286342476495,0,8,0,15,11763.121992210705,true,true,0.9445676691796475,0,240,82,24,hull,0.08832854856208769,false,true
Battleship,24005,120,13100,1,96,96,71,7,3575.675020986191,0,9,0,31,10997.263478533843,true,true,0.12228711907536578,0.9079588953533546,240,77,27,reactor,0.06143536984563843,true,false
Battleship,24006,120,19475,1,96,96,52,6,1097.2053075228414,75,0,0,386,22895.414972302122,true,true,0.15484284269575724,0.33290685853086793,240,90,27,reactor,0.007227900733054487,true,true
Battleship,24007,120,10590,0,96,96,57,4,1722.1179002246063,0,1,0,8,7061.848458983415,true,true,0.9682143255512521,0.48533222144265403,240,90,23,reactor,0.10106527556710364,false,true
