class,payload,evade,seed,hit,time
Picket,SRM,false,0,true,1195.1362821025114
Picket,SRM,false,1,true,1195.1362812393838
Picket,SRM,false,2,false,1195.136281270153
Picket,SRM,false,3,true,1195.1362820657505
Picket,SRM,false,4,true,1195.1362814855615
Picket,SRM,false,5,true,1195.1362812718967
Picket,SRM,false,6,true,1195.1362817190466
Picket,SRM,false,7,true,1195.1362813576843
Picket,SRM,false,8,true,1195.1362812278257
Picket,SRM,false,9,true,1195.136281498868
Picket,SRM,false,10,true,1195.1362820319807
Picket,SRM,false,11,true,1195.136281751087
Picket,SRM,false,12,true,1195.1362812772877
Picket,SRM,false,13,true,1195.1362817960733
Picket,SRM,false,14,true,1195.1362814383904
Picket,SRM,false,15,true,1195.1362812446116
Picket,SRM,false,16,true,1195.1362812437483
Picket,SRM,false,17,true,1195.1362816332085
Picket,SRM,false,18,true,1195.1362812175455
Picket,SRM,false,19,true,1195.136281704636
Picket,SRM,false,20,true,1195.136282029536
Picket,SRM,false,21,true,1195.136281215249
Picket,SRM,false,22,true,1195.1362814162908
Picket,SRM,false,23,true,1195.1362814424904
Picket,SRM,false,24,true,1195.1362813702042
Picket,SRM,false,25,true,1195.1362812422728
Picket,SRM,false,26,true,1195.1362814636707
Picket,SRM,false,27,true,1195.1362816674616
Picket,SRM,false,28,true,1195.1362817518748
Picket,SRM,false,29,true,1195.136281282683
Picket,SRM,false,30,true,1195.1362817980726
Picket,SRM,false,31,true,1195.1362817673155
Picket,SRM,false,32,false,1195.1362813660053
Picket,SRM,false,33,false,1195.1362820109982
Picket,SRM,false,34,true,1195.1362816107558
Picket,SRM,false,35,true,1195.1362820492127
Picket,SRM,false,36,true,1195.136281237558
Picket,SRM,false,37,true,1195.1362812296009
Picket,SRM,false,38,true,1195.1362820354798
Picket,SRM,false,39,true,1195.1362812559996
Picket,SRM,false,40,true,1195.1362817449756
Picket,SRM,false,41,true,1195.1362812148195
Picket,SRM,false,42,true,1195.136281248969
Picket,SRM,false,43,true,1195.1362813547248
Picket,SRM,false,44,false,1195.136282069795
Picket,SRM,false,45,true,1195.1362820070028
Picket,SRM,false,46,true,1195.1362813969065
Picket,SRM,false,47,true,1195.1362816670216
Picket,SRM,false,48,true,1195.1362816775707
Picket,SRM,false,49,true,1195.1362821240357
Picket,SRM,false,50,true,1195.1362812359976
Picket,SRM,false,51,true,1195.1362813877056
Picket,SRM,false,52,true,1195.136281217158
Picket,SRM,false,53,false,1195.1362814610316
Picket,SRM,false,54,true,1195.1362813478067
Picket,SRM,false,55,true,1195.1362812647035
Picket,SRM,false,56,true,1195.136281862111
Picket,SRM,false,57,false,1195.1362821175212
Picket,SRM,false,58,true,1195.13628136902
Picket,SRM,false,59,true,1195.1362815418515
Picket,SRM,false,60,true,1195.1362812183297
Picket,SRM,false,61,true,1195.1362812374375
Picket,SRM,false,62,true,1195.1362812166274
Picket,SRM,false,63,true,1195.136281297287
Picket,SRM,true,0,true,1207.9551900240217
Picket,SRM,true,1,true,1207.9552292852868
Picket,SRM,true,2,false,1207.955225365691
Picket,SRM,true,3,true,1207.9551909997435
Picket,SRM,true,4,true,1207.9552110441516
Picket,SRM,true,5,true,1207.955249894552
Picket,SRM,true,6,true,1207.9552742800195
Picket,SRM,true,7,true,1207.955218192031
Picket,SRM,true,8,true,1207.9552436175525
Picket,SRM,true,9,true,1207.955265050857
Picket,SRM,true,10,true,1207.955191914441
Picket,SRM,true,11,false,1207.9552754419803
Picket,SRM,true,12,true,1207.9552504572623
Picket,SRM,true,13,true,1207.9552770182286
Picket,SRM,true,14,true,1207.9552134282346
Picket,SRM,true,15,false,1207.9552284978474
Picket,SRM,true,16,true,1207.9552286226638
Picket,SRM,true,17,false,1207.9552709777502
Picket,SRM,true,18,true,1207.9552342493116
Picket,SRM,true,19,false,1207.9552020656404
Picket,SRM,true,20,true,1207.9552843804076
Picket,SRM,true,21,true,1207.9552353668876
Picket,SRM,true,22,true,1207.9552146303042
Picket,SRM,true,23,true,1207.9552132101905
Picket,SRM,true,24,false,1207.9552578652338
Picket,SRM,true,25,true,1207.9552461845244
Picket,SRM,true,26,true,1207.9552632792997
Picket,SRM,true,27,true,1207.9552723318477
Picket,SRM,true,28,true,1207.9552754707559
Picket,SRM,true,29,true,1207.9552240983821
Picket,SRM,true,30,true,1207.9551988841536
Picket,SRM,true,31,true,1207.9552760175413
Picket,SRM,true,32,true,1207.9552575892226
Picket,SRM,true,33,true,1207.9551924933323
Picket,SRM,true,34,true,1207.9552055922843
Picket,SRM,true,35,true,1207.9552849512502
Picket,SRM,true,36,true,1207.9552295817464
Picket,SRM,true,37,true,1207.9552439875392
Picket,SRM,true,38,false,1207.9552845535723
Picket,SRM,true,39,true,1207.9552269833673
Picket,SRM,true,40,true,1207.955200655021
Picket,SRM,true,41,false,1207.955235648442
Picket,SRM,true,42,true,1207.9552278894043
Picket,SRM,true,43,true,1207.9552183900578
Picket,SRM,true,44,true,1207.9552855408215
Picket,SRM,true,45,false,1207.9551926058862
Picket,SRM,true,46,true,1207.9552157425032
Picket,SRM,true,47,true,1207.95520343324
Picket,SRM,true,48,false,1207.9552030427506
Picket,SRM,true,49,false,1207.9551894598076
Picket,SRM,true,50,true,1207.9552451750494
Picket,SRM,true,51,false,1207.9552589809202
Picket,SRM,true,52,true,1207.9552405750935
Picket,SRM,true,53,true,1207.9552122542118
Picket,SRM,true,54,true,1207.9552188607724
Picket,SRM,true,55,true,1207.9552259608179
Picket,SRM,true,56,true,1207.9551968504334
Picket,SRM,true,57,true,1207.9552868823273
Picket,SRM,true,58,true,1207.955217452689
Picket,SRM,true,59,false,1207.9552670721705
Picket,SRM,true,60,true,1207.955241038598
Picket,SRM,true,61,true,1207.9552454171023
Picket,SRM,true,62,true,1207.9552403404005
Picket,SRM,true,63,false,1207.955222757578
Picket,LRM,false,0,true,6430.816842329499
Picket,LRM,false,1,true,6430.816842329499
Picket,LRM,false,2,false,6430.816842329499
Picket,LRM,false,3,false,6430.816842329499
Picket,LRM,false,4,false,6430.816842329499
Picket,LRM,false,5,true,6430.816842329499
Picket,LRM,false,6,true,6430.816842329499
Picket,LRM,false,7,true,6430.816842329499
Picket,LRM,false,8,true,6430.816842329499
Picket,LRM,false,9,true,6430.816842329499
Picket,LRM,false,10,true,6430.816842329499
Picket,LRM,false,11,false,6430.816842329499
Picket,LRM,false,12,true,6430.816842329499
Picket,LRM,false,13,true,6430.816842329499
Picket,LRM,false,14,false,6430.816842329499
Picket,LRM,false,15,true,6430.816842329499
Picket,LRM,false,16,false,6430.816842329499
Picket,LRM,false,17,true,6430.816842329499
Picket,LRM,false,18,true,6430.816842329499
Picket,LRM,false,19,true,6430.816842329499
Picket,LRM,false,20,false,6430.816842329499
Picket,LRM,false,21,true,6430.816842329499
Picket,LRM,false,22,false,6430.816842329499
Picket,LRM,false,23,true,6430.816842329499
Picket,LRM,false,24,false,6430.816842329499
Picket,LRM,false,25,true,6430.816842329499
Picket,LRM,false,26,true,6430.816842329499
Picket,LRM,false,27,false,6430.816842329499
Picket,LRM,false,28,true,6430.816842329499
Picket,LRM,false,29,true,6430.816842329499
Picket,LRM,false,30,true,6430.816842329499
Picket,LRM,false,31,false,6430.816842329499
Picket,LRM,false,32,true,6430.816842329499
Picket,LRM,false,33,true,6430.816842329499
Picket,LRM,false,34,false,6430.816842329499
Picket,LRM,false,35,true,6430.816842329499
Picket,LRM,false,36,true,6430.816842329499
Picket,LRM,false,37,true,6430.816842329499
Picket,LRM,false,38,false,6430.816842329499
Picket,LRM,false,39,true,6430.816842329499
Picket,LRM,false,40,true,6430.816842329499
Picket,LRM,false,41,true,6430.816842329499
Picket,LRM,false,42,true,6430.816842329499
Picket,LRM,false,43,true,6430.816842329499
Picket,LRM,false,44,true,6430.816842329499
Picket,LRM,false,45,true,6430.816842329499
Picket,LRM,false,46,true,6430.816842329499
Picket,LRM,false,47,true,6430.816842329499
Picket,LRM,false,48,true,6430.816842329499
Picket,LRM,false,49,true,6430.816842329499
Picket,LRM,false,50,false,6430.816842329499
Picket,LRM,false,51,true,6430.816842329499
Picket,LRM,false,52,true,6430.816842329499
Picket,LRM,false,53,true,6430.816842329499
Picket,LRM,false,54,true,6430.816842329499
Picket,LRM,false,55,true,6430.816842329499
Picket,LRM,false,56,true,6430.816842329499
Picket,LRM,false,57,true,6430.816842329499
Picket,LRM,false,58,true,6430.816842329499
Picket,LRM,false,59,true,6430.816842329499
Picket,LRM,false,60,true,6430.816842329499
Picket,LRM,false,61,true,6430.816842329499
Picket,LRM,false,62,false,6430.816842329499
Picket,LRM,false,63,true,6430.816842329499
Picket,LRM,true,0,false,6958.621254955915
Picket,LRM,true,1,false,6958.621256679758
Picket,LRM,true,2,false,6958.621256447519
Picket,LRM,true,3,false,6958.621255040208
Picket,LRM,true,4,false,6958.621255920357
Picket,LRM,true,5,false,6958.621257332481
Picket,LRM,true,6,false,6958.621258348052
Picket,LRM,true,7,false,6958.621256205651
Picket,LRM,true,8,false,6958.62125701324
Picket,LRM,true,9,false,6958.621257803978
Picket,LRM,true,10,false,6958.621255204619
Picket,LRM,true,11,false,6958.621258374109
Picket,LRM,true,12,false,6958.621257306879
Picket,LRM,true,13,false,6958.621258339626
Picket,LRM,true,14,false,6958.62125587206
Picket,LRM,true,15,false,6958.621256533719
Picket,LRM,true,16,false,6958.6212565417645
Picket,LRM,true,17,false,6958.621258003973
Picket,LRM,true,18,false,6958.621256746923
Picket,LRM,true,19,false,6958.621255460765
Picket,LRM,true,20,false,6958.621258721799
Picket,LRM,true,21,false,6958.621256711629
Picket,LRM,true,22,false,6958.6212560818785
Picket,LRM,true,23,false,6958.621256000707
Picket,LRM,true,24,false,6958.621257674527
Picket,LRM,true,25,false,6958.621257167187
Picket,LRM,true,26,false,6958.621257927776
Picket,LRM,true,27,false,6958.621258140396
Picket,LRM,true,28,false,6958.62125828131
Picket,LRM,true,29,false,6958.62125629321
Picket,LRM,true,30,false,6958.621255308842
Picket,LRM,true,31,false,6958.621258392083
Picket,LRM,true,32,false,6958.621257547974
Picket,LRM,true,33,false,6958.621255249055
Picket,LRM,true,34,false,6958.62125564164
Picket,LRM,true,35,false,6958.621258643887
Picket,LRM,true,36,false,6958.621256448951
Picket,LRM,true,37,false,6958.621256993702
Picket,LRM,true,38,false,6958.621258676958
Picket,LRM,true,39,false,6958.621256587692
Picket,LRM,true,40,false,6958.6212555882385
Picket,LRM,true,41,false,6958.621256832045
Picket,LRM,true,42,false,6958.621256572894
Picket,LRM,true,43,false,6958.621256210256
Picket,LRM,true,44,false,6958.621258702792
Picket,LRM,true,45,false,6958.621255129484
Picket,LRM,true,46,false,6958.621256104761
Picket,LRM,true,47,false,6958.62125552904
Picket,LRM,true,48,false,6958.6212556287865
Picket,LRM,true,49,false,6958.621255110176
Picket,LRM,true,50,false,6958.621257102442
Picket,LRM,true,51,false,6958.621257697507
Picket,LRM,true,52,false,6958.6212569578975
Picket,LRM,true,53,false,6958.621256002262
Picket,LRM,true,54,false,6958.621256240432
Picket,LRM,true,55,false,6958.621256556482
Picket,LRM,true,56,false,6958.621255390311
Picket,LRM,true,57,false,6958.621258747315
Picket,LRM,true,58,false,6958.621256183437
Picket,LRM,true,59,false,6958.6212579927105
Picket,LRM,true,60,false,6958.621256950392
Picket,LRM,true,61,false,6958.621257169206
Picket,LRM,true,62,false,6958.621256951992
Picket,LRM,true,63,false,6958.621256359367
Frigate,SRM,false,0,true,1195.1362821025114
Frigate,SRM,false,1,true,1195.1362812393838
Frigate,SRM,false,2,false,1195.136281270153
Frigate,SRM,false,3,true,1195.1362820657505
Frigate,SRM,false,4,true,1195.1362814855615
Frigate,SRM,false,5,true,1195.1362812718967
Frigate,SRM,false,6,true,1195.1362817190466
Frigate,SRM,false,7,true,1195.1362813576843
Frigate,SRM,false,8,true,1195.1362812278257
Frigate,SRM,false,9,true,1195.136281498868
Frigate,SRM,false,10,true,1195.1362820319807
Frigate,SRM,false,11,true,1195.136281751087
Frigate,SRM,false,12,true,1195.1362812772877
Frigate,SRM,false,13,true,1195.1362817960733
Frigate,SRM,false,14,true,1195.1362814383904
Frigate,SRM,false,15,true,1195.1362812446116
Frigate,SRM,false,16,true,1195.1362812437483
Frigate,SRM,false,17,true,1195.1362816332085
Frigate,SRM,false,18,true,1195.1362812175455
Frigate,SRM,false,19,true,1195.136281704636
Frigate,SRM,false,20,true,1195.136282029536
Frigate,SRM,false,21,true,1195.136281215249
Frigate,SRM,false,22,true,1195.1362814162908
Frigate,SRM,false,23,true,1195.1362814424904
Frigate,SRM,false,24,true,1195.1362813702042
Frigate,SRM,false,25,true,1195.1362812422728
Frigate,SRM,false,26,true,1195.1362814636707
Frigate,SRM,false,27,false,1195.1362816674616
Frigate,SRM,false,28,true,1195.1362817518748
Frigate,SRM,false,29,true,1195.136281282683
Frigate,SRM,false,30,true,1195.1362817980726
Frigate,SRM,false,31,true,1195.1362817673155
Frigate,SRM,false,32,false,1195.1362813660053
Frigate,SRM,false,33,false,1195.1362820109982
Frigate,SRM,false,34,true,1195.1362816107558
Frigate,SRM,false,35,true,1195.1362820492127
Frigate,SRM,false,36,true,1195.136281237558
Frigate,SRM,false,37,true,1195.1362812296009
Frigate,SRM,false,38,true,1195.1362820354798
Frigate,SRM,false,39,true,1195.1362812559996
Frigate,SRM,false,40,true,1195.1362817449756
Frigate,SRM,false,41,true,1195.1362812148195
Frigate,SRM,false,42,true,1195.136281248969
Frigate,SRM,false,43,true,1195.1362813547248
Frigate,SRM,false,44,true,1195.136282069795
Frigate,SRM,false,45,true,1195.1362820070028
Frigate,SRM,false,46,true,1195.1362813969065
Frigate,SRM,false,47,true,1195.1362816670216
Frigate,SRM,false,48,true,1195.1362816775707
Frigate,SRM,false,49,true,1195.1362821240357
Frigate,SRM,false,50,true,1195.1362812359976
Frigate,SRM,false,51,true,1195.1362813877056
Frigate,SRM,false,52,true,1195.136281217158
Frigate,SRM,false,53,false,1195.1362814610316
Frigate,SRM,false,54,true,1195.1362813478067
Frigate,SRM,false,55,true,1195.1362812647035
Frigate,SRM,false,56,true,1195.136281862111
Frigate,SRM,false,57,false,1195.1362821175212
Frigate,SRM,false,58,true,1195.13628136902
Frigate,SRM,false,59,true,1195.1362815418515
Frigate,SRM,false,60,true,1195.1362812183297
Frigate,SRM,false,61,true,1195.1362812374375
Frigate,SRM,false,62,true,1195.1362812166274
Frigate,SRM,false,63,true,1195.136281297287
Frigate,SRM,true,0,true,1202.888910874102
Frigate,SRM,true,1,false,1202.88892900138
Frigate,SRM,true,2,true,1202.888927163118
Frigate,SRM,true,3,true,1202.8889113168248
Frigate,SRM,true,4,false,1202.8889204998602
Frigate,SRM,true,5,true,1202.888938765677
Frigate,SRM,true,6,true,1202.8889505295385
Frigate,SRM,true,7,true,1202.8889238150539
Frigate,SRM,true,8,true,1202.8889357739342
Frigate,SRM,true,9,true,1202.888946050684
Frigate,SRM,true,10,true,1202.8889117323824
Frigate,SRM,true,11,false,1202.8889510955435
Frigate,SRM,true,12,true,1202.8889390345237
Frigate,SRM,true,13,true,1202.8889518639369
Frigate,SRM,true,14,false,1202.8889216029752
Frigate,SRM,true,15,false,1202.8889286313329
Frigate,SRM,true,16,true,1202.8889286899819
Frigate,SRM,true,17,true,1202.8889489229434
Frigate,SRM,true,18,true,1202.8889313378081
Frigate,SRM,true,19,true,1202.8889163653896
Frigate,SRM,true,20,true,1202.8889554662849
Frigate,SRM,true,21,true,1202.888931865051
Frigate,SRM,true,22,true,1202.8889221605505
Frigate,SRM,true,23,true,1202.8889215022627
Frigate,SRM,true,24,true,1202.888942586269
Frigate,SRM,true,25,true,1202.8889369955998
Frigate,SRM,true,26,true,1202.888945195221
Frigate,SRM,true,27,false,1202.8889495812077
Frigate,SRM,true,28,true,1202.8889511092782
Frigate,SRM,true,29,true,1202.8889265698424
Frigate,SRM,true,30,false,1202.8889149085126
Frigate,SRM,true,31,true,1202.8889513761187
Frigate,SRM,true,32,false,1202.8889424532972
Frigate,SRM,true,33,true,1202.8889119954501
Frigate,SRM,true,34,true,1202.888917985377
Frigate,SRM,true,35,true,1202.8889557461503
Frigate,SRM,true,36,false,1202.8889291401276
Frigate,SRM,true,37,true,1202.8889359498012
Frigate,SRM,true,38,false,1202.8889555511325
Frigate,SRM,true,39,false,1202.888927921088
Frigate,SRM,true,40,true,1202.88891571926
Frigate,SRM,true,41,true,1202.888931998288
Frigate,SRM,true,42,true,1202.888928345959
Frigate,SRM,true,43,true,1202.888923907199
Frigate,SRM,true,44,true,1202.8889560356577
Frigate,SRM,true,45,true,1202.8889120464007
Frigate,SRM,true,46,true,1202.8889226766141
Frigate,SRM,true,47,true,1202.88891699298
Frigate,SRM,true,48,true,1202.888916813926
Frigate,SRM,true,49,true,1202.8889106186582
Frigate,SRM,true,50,true,1202.8889365148382
Frigate,SRM,true,51,true,1202.8889431229295
Frigate,SRM,true,52,true,1202.8889343295316
Frigate,SRM,true,53,true,1202.8889210596788
Frigate,SRM,true,54,true,1202.8889241262991
Frigate,SRM,true,55,false,1202.8889274419514
Frigate,SRM,true,56,true,1202.8889139798332
Frigate,SRM,true,57,true,1202.8889566946873
Frigate,SRM,true,58,true,1202.88892347121
Frigate,SRM,true,59,true,1202.8889470291028
Frigate,SRM,true,60,true,1202.8889345492794
Frigate,SRM,true,61,true,1202.8889366302276
Frigate,SRM,true,62,true,1202.8889342182865
Frigate,SRM,true,63,true,1202.888925943421
Frigate,LRM,false,0,true,6430.816842329499
Frigate,LRM,false,1,true,6430.816842329499
Frigate,LRM,false,2,false,6430.816842329499
Frigate,LRM,false,3,false,6430.816842329499
Frigate,LRM,false,4,false,6430.816842329499
Frigate,LRM,false,5,true,6430.816842329499
Frigate,LRM,false,6,true,6430.816842329499
Frigate,LRM,false,7,true,6430.816842329499
Frigate,LRM,false,8,true,6430.816842329499
Frigate,LRM,false,9,true,6430.816842329499
Frigate,LRM,false,10,true,6430.816842329499
Frigate,LRM,false,11,false,6430.816842329499
Frigate,LRM,false,12,true,6430.816842329499
Frigate,LRM,false,13,true,6430.816842329499
Frigate,LRM,false,14,false,6430.816842329499
Frigate,LRM,false,15,true,6430.816842329499
Frigate,LRM,false,16,false,6430.816842329499
Frigate,LRM,false,17,true,6430.816842329499
Frigate,LRM,false,18,true,6430.816842329499
Frigate,LRM,false,19,true,6430.816842329499
Frigate,LRM,false,20,false,6430.816842329499
Frigate,LRM,false,21,true,6430.816842329499
Frigate,LRM,false,22,false,6430.816842329499
Frigate,LRM,false,23,true,6430.816842329499
Frigate,LRM,false,24,false,6430.816842329499
Frigate,LRM,false,25,true,6430.816842329499
Frigate,LRM,false,26,true,6430.816842329499
Frigate,LRM,false,27,false,6430.816842329499
Frigate,LRM,false,28,true,6430.816842329499
Frigate,LRM,false,29,true,6430.816842329499
Frigate,LRM,false,30,true,6430.816842329499
Frigate,LRM,false,31,false,6430.816842329499
Frigate,LRM,false,32,true,6430.816842329499
Frigate,LRM,false,33,true,6430.816842329499
Frigate,LRM,false,34,false,6430.816842329499
Frigate,LRM,false,35,true,6430.816842329499
Frigate,LRM,false,36,true,6430.816842329499
Frigate,LRM,false,37,true,6430.816842329499
Frigate,LRM,false,38,false,6430.816842329499
Frigate,LRM,false,39,true,6430.816842329499
Frigate,LRM,false,40,true,6430.816842329499
Frigate,LRM,false,41,true,6430.816842329499
Frigate,LRM,false,42,true,6430.816842329499
Frigate,LRM,false,43,true,6430.816842329499
Frigate,LRM,false,44,true,6430.816842329499
Frigate,LRM,false,45,true,6430.816842329499
Frigate,LRM,false,46,true,6430.816842329499
Frigate,LRM,false,47,true,6430.816842329499
Frigate,LRM,false,48,true,6430.816842329499
Frigate,LRM,false,49,true,6430.816842329499
Frigate,LRM,false,50,false,6430.816842329499
Frigate,LRM,false,51,true,6430.816842329499
Frigate,LRM,false,52,true,6430.816842329499
Frigate,LRM,false,53,true,6430.816842329499
Frigate,LRM,false,54,true,6430.816842329499
Frigate,LRM,false,55,true,6430.816842329499
Frigate,LRM,false,56,true,6430.816842329499
Frigate,LRM,false,57,true,6430.816842329499
Frigate,LRM,false,58,true,6430.816842329499
Frigate,LRM,false,59,true,6430.816842329499
Frigate,LRM,false,60,true,6430.816842329499
Frigate,LRM,false,61,true,6430.816842329499
Frigate,LRM,false,62,false,6430.816842329499
Frigate,LRM,false,63,true,6430.816842329499
Frigate,LRM,true,0,false,7065.12079318278
Frigate,LRM,true,1,false,7065.119417929252
Frigate,LRM,true,2,false,7065.119552923836
Frigate,LRM,true,3,false,7065.120758361726
Frigate,LRM,true,4,false,7065.120050410506
Frigate,LRM,true,5,false,7065.118716403177
Frigate,LRM,true,6,false,7065.117903393554
Frigate,LRM,true,7,false,7065.119801272288
Frigate,LRM,true,8,false,7065.118928655379
Frigate,LRM,true,9,false,7065.118208976146
Frigate,LRM,true,10,false,7065.120725709754
Frigate,LRM,true,11,false,7065.117865118504
Frigate,LRM,true,12,false,7065.118697442764
Frigate,LRM,true,13,false,7065.117813237777
Frigate,LRM,true,14,false,7065.119967131287
Frigate,LRM,true,15,false,7065.119445029416
Frigate,LRM,true,16,false,7065.119440749735
Frigate,LRM,true,17,false,7065.118012472618
Frigate,LRM,true,18,false,7065.119247742934
Frigate,LRM,true,19,false,7065.120365818651
Frigate,LRM,true,20,false,7065.1175719042185
Frigate,LRM,true,21,false,7065.1192095310635
Frigate,LRM,true,22,false,7065.119925188109
Frigate,LRM,true,23,false,7065.119974716082
Frigate,LRM,true,24,false,7065.118448653754
Frigate,LRM,true,25,false,7065.118841717273
Frigate,LRM,true,26,false,7065.118267898105
Frigate,LRM,true,27,false,7065.117967708633
Frigate,LRM,true,28,false,7065.117864172731
Frigate,LRM,true,29,false,7065.119596695753
Frigate,LRM,true,30,false,7065.120478257751
Frigate,LRM,true,31,false,7065.1178461559575
Frigate,LRM,true,32,false,7065.118457913887
Frigate,LRM,true,33,false,7065.120705094562
Frigate,LRM,true,34,false,7065.120241599155
Frigate,LRM,true,35,false,7065.117553267584
Frigate,LRM,true,36,false,7065.119407797352
Frigate,LRM,true,37,false,7065.118916133995
Frigate,LRM,true,38,false,7065.1175662454925
Frigate,LRM,true,39,false,7065.119497158234
Frigate,LRM,true,40,false,7065.120415576633
Frigate,LRM,true,41,false,7065.1191998976565
Frigate,LRM,true,42,false,7065.119465957208
Frigate,LRM,true,43,false,7065.119794392774
Frigate,LRM,true,44,false,7065.117534020734
Frigate,LRM,true,45,false,7065.120701115815
Frigate,LRM,true,46,false,7065.119886448058
Frigate,LRM,true,47,false,7065.120317595171
Frigate,LRM,true,48,false,7065.120331334152
Frigate,LRM,true,49,false,7065.1208132852
Frigate,LRM,true,50,false,7065.118875885109
Frigate,LRM,true,51,false,7065.118411344038
Frigate,LRM,true,52,false,7065.119031981041
Frigate,LRM,true,53,false,7065.1200081080315
Frigate,LRM,true,54,false,7065.119778028099
Frigate,LRM,true,55,false,7065.119532384844
Frigate,LRM,true,56,false,7065.120550257706
Frigate,LRM,true,57,false,7065.117490280669
Frigate,LRM,true,58,false,7065.119826937746
Frigate,LRM,true,59,false,7065.118141836001
Frigate,LRM,true,60,false,7065.11901622848
Frigate,LRM,true,61,false,7065.118867672711
Frigate,LRM,true,62,false,7065.119039956204
Frigate,LRM,true,63,false,7065.119643020173
Destroyer,SRM,false,0,true,1195.1362821025114
Destroyer,SRM,false,1,true,1195.1362812393838
Destroyer,SRM,false,2,false,1195.136281270153
Destroyer,SRM,false,3,true,1195.1362820657505
Destroyer,SRM,false,4,true,1195.1362814855615
Destroyer,SRM,false,5,true,1195.1362812718967
Destroyer,SRM,false,6,true,1195.1362817190466
Destroyer,SRM,false,7,true,1195.1362813576843
Destroyer,SRM,false,8,true,1195.1362812278257
Destroyer,SRM,false,9,true,1195.136281498868
Destroyer,SRM,false,10,true,1195.1362820319807
Destroyer,SRM,false,11,true,1195.136281751087
Destroyer,SRM,false,12,true,1195.1362812772877
Destroyer,SRM,false,13,true,1195.1362817960733
Destroyer,SRM,false,14,true,1195.1362814383904
Destroyer,SRM,false,15,true,1195.1362812446116
Destroyer,SRM,false,16,true,1195.1362812437483
Destroyer,SRM,false,17,true,1195.1362816332085
Destroyer,SRM,false,18,true,1195.1362812175455
Destroyer,SRM,false,19,true,1195.136281704636
Destroyer,SRM,false,20,true,1195.136282029536
Destroyer,SRM,false,21,true,1195.136281215249
Destroyer,SRM,false,22,true,1195.1362814162908
Destroyer,SRM,false,23,true,1195.1362814424904
Destroyer,SRM,false,24,true,1195.1362813702042
Destroyer,SRM,false,25,true,1195.1362812422728
Destroyer,SRM,false,26,true,1195.1362814636707
Destroyer,SRM,false,27,false,1195.1362816674616
Destroyer,SRM,false,28,true,1195.1362817518748
Destroyer,SRM,false,29,true,1195.136281282683
Destroyer,SRM,false,30,true,1195.1362817980726
Destroyer,SRM,false,31,true,1195.1362817673155
Destroyer,SRM,false,32,false,1195.1362813660053
Destroyer,SRM,false,33,false,1195.1362820109982
Destroyer,SRM,false,34,true,1195.1362816107558
Destroyer,SRM,false,35,true,1195.1362820492127
Destroyer,SRM,false,36,true,1195.136281237558
Destroyer,SRM,false,37,true,1195.1362812296009
Destroyer,SRM,false,38,true,1195.1362820354798
Destroyer,SRM,false,39,true,1195.1362812559996
Destroyer,SRM,false,40,true,1195.1362817449756
Destroyer,SRM,false,41,true,1195.1362812148195
Destroyer,SRM,false,42,true,1195.136281248969
Destroyer,SRM,false,43,true,1195.1362813547248
Destroyer,SRM,false,44,true,1195.136282069795
Destroyer,SRM,false,45,true,1195.1362820070028
Destroyer,SRM,false,46,true,1195.1362813969065
Destroyer,SRM,false,47,true,1195.1362816670216
Destroyer,SRM,false,48,true,1195.1362816775707
Destroyer,SRM,false,49,true,1195.1362821240357
Destroyer,SRM,false,50,true,1195.1362812359976
Destroyer,SRM,false,51,true,1195.1362813877056
Destroyer,SRM,false,52,true,1195.136281217158
Destroyer,SRM,false,53,false,1195.1362814610316
Destroyer,SRM,false,54,true,1195.1362813478067
Destroyer,SRM,false,55,true,1195.1362812647035
Destroyer,SRM,false,56,true,1195.136281862111
Destroyer,SRM,false,57,false,1195.1362821175212
Destroyer,SRM,false,58,true,1195.13628136902
Destroyer,SRM,false,59,true,1195.1362815418515
Destroyer,SRM,false,60,true,1195.1362812183297
Destroyer,SRM,false,61,true,1195.1362812374375
Destroyer,SRM,false,62,true,1195.1362812166274
Destroyer,SRM,false,63,true,1195.136281297287
Destroyer,SRM,true,0,true,1199.4186595328972
Destroyer,SRM,true,1,true,1199.4186627959966
Destroyer,SRM,true,2,true,1199.4186624223673
Destroyer,SRM,true,3,true,1199.418659600886
Destroyer,SRM,true,4,false,1199.4186611465439
Destroyer,SRM,true,5,true,1199.418664926942
Destroyer,SRM,true,6,true,1199.4186678012688
Destroyer,SRM,true,7,false,1199.4186617657722
Destroyer,SRM,true,8,true,1199.4186642481866
Destroyer,SRM,true,9,false,1199.4186666690778
Destroyer,SRM,true,10,true,1199.4186596654015
Destroyer,SRM,true,11,true,1199.4186679474324
Destroyer,SRM,true,12,true,1199.4186649889382
Destroyer,SRM,true,13,false,1199.4186681468266
Destroyer,SRM,true,14,true,1199.4186613488635
Destroyer,SRM,true,15,false,1199.4186627198505
Destroyer,SRM,true,16,true,1199.4186627319023
Destroyer,SRM,true,17,true,1199.4186673896818
Destroyer,SRM,true,18,true,1199.4186632834776
Destroyer,SRM,true,19,true,1199.4186604188571
Destroyer,SRM,true,20,true,1199.418669099667
Destroyer,SRM,true,21,true,1199.4186633953673
Destroyer,SRM,true,22,false,1199.4186614528653
Destroyer,SRM,true,23,false,1199.4186613304778
Destroyer,SRM,true,24,false,1199.4186658252063
Destroyer,SRM,true,25,true,1199.418664522712
Destroyer,SRM,true,26,false,1199.4186664584759
Destroyer,SRM,true,27,true,1199.4186675576032
Destroyer,SRM,true,28,true,1199.4186679507688
Destroyer,SRM,true,29,true,1199.4186623035343
Destroyer,SRM,true,30,true,1199.418660174667
Destroyer,SRM,true,31,true,1199.418668020169
Destroyer,SRM,true,32,true,1199.4186657931518
Destroyer,SRM,true,33,true,1199.4186597064286
Destroyer,SRM,true,34,true,1199.4186606979788
Destroyer,SRM,true,35,true,1199.4186691746509
Destroyer,SRM,true,36,false,1199.4186628241225
Destroyer,SRM,true,37,true,1199.4186642874297
Destroyer,SRM,true,38,true,1199.4186691223538
Destroyer,SRM,true,39,true,1199.4186625753562
Destroyer,SRM,true,40,true,1199.4186603100616
Destroyer,SRM,true,41,true,1199.4186634240248
Destroyer,SRM,true,42,true,1199.4186626616952
Destroyer,SRM,true,43,true,1199.4186617834298
Destroyer,SRM,true,44,true,1199.4186692526373
Destroyer,SRM,true,45,false,1199.4186597142173
Destroyer,SRM,true,46,false,1199.4186615496171
Destroyer,SRM,true,47,false,1199.418660526049
Destroyer,SRM,true,48,false,1199.4186604955344
Destroyer,SRM,true,49,false,1199.418659494276
Destroyer,SRM,true,50,false,1199.4186644142108
Destroyer,SRM,true,51,true,1199.4186659541197
Destroyer,SRM,true,52,false,1199.418663928619
Destroyer,SRM,true,53,true,1199.418661248963
Destroyer,SRM,true,54,true,1199.418661825516
Destroyer,SRM,true,55,true,1199.418662478555
Destroyer,SRM,true,56,true,1199.4186600227126
Destroyer,SRM,true,57,true,1199.4186694306923
Destroyer,SRM,true,58,true,1199.4186617001294
Destroyer,SRM,true,59,true,1199.418666912705
Destroyer,SRM,true,60,true,1199.4186639768425
Destroyer,SRM,true,61,true,1199.4186644403178
Destroyer,SRM,true,62,true,1199.418663904244
Destroyer,SRM,true,63,true,1199.4186621795654
Destroyer,LRM,false,0,true,6430.816842329499
Destroyer,LRM,false,1,true,6430.816842329499
Destroyer,LRM,false,2,true,6430.816842329499
Destroyer,LRM,false,3,false,6430.816842329499
Destroyer,LRM,false,4,true,6430.816842329499
Destroyer,LRM,false,5,false,6430.816842329499
Destroyer,LRM,false,6,true,6430.816842329499
Destroyer,LRM,false,7,true,6430.816842329499
Destroyer,LRM,false,8,true,6430.816842329499
Destroyer,LRM,false,9,true,6430.816842329499
Destroyer,LRM,false,10,false,6430.816842329499
Destroyer,LRM,false,11,false,6430.816842329499
Destroyer,LRM,false,12,false,6430.816842329499
Destroyer,LRM,false,13,true,6430.816842329499
Destroyer,LRM,false,14,true,6430.816842329499
Destroyer,LRM,false,15,true,6430.816842329499
Destroyer,LRM,false,16,true,6430.816842329499
Destroyer,LRM,false,17,false,6430.816842329499
Destroyer,LRM,false,18,true,6430.816842329499
Destroyer,LRM,false,19,true,6430.816842329499
Destroyer,LRM,false,20,true,6430.816842329499
Destroyer,LRM,false,21,true,6430.816842329499
Destroyer,LRM,false,22,true,6430.816842329499
Destroyer,LRM,false,23,false,6430.816842329499
Destroyer,LRM,false,24,true,6430.816842329499
Destroyer,LRM,false,25,true,6430.816842329499
Destroyer,LRM,false,26,true,6430.816842329499
Destroyer,LRM,false,27,true,6430.816842329499
Destroyer,LRM,false,28,true,6430.816842329499
Destroyer,LRM,false,29,true,6430.816842329499
Destroyer,LRM,false,30,false,6430.816842329499
Destroyer,LRM,false,31,true,6430.816842329499
Destroyer,LRM,false,32,true,6430.816842329499
Destroyer,LRM,false,33,false,6430.816842329499
Destroyer,LRM,false,34,true,6430.816842329499
Destroyer,LRM,false,35,true,6430.816842329499
Destroyer,LRM,false,36,true,6430.816842329499
Destroyer,LRM,false,37,false,6430.816842329499
Destroyer,LRM,false,38,true,6430.816842329499
Destroyer,LRM,false,39,true,6430.816842329499
Destroyer,LRM,false,40,true,6430.816842329499
Destroyer,LRM,false,41,true,6430.816842329499
Destroyer,LRM,false,42,true,6430.816842329499
Destroyer,LRM,false,43,true,6430.816842329499
Destroyer,LRM,false,44,true,6430.816842329499
Destroyer,LRM,false,45,true,6430.816842329499
Destroyer,LRM,false,46,false,6430.816842329499
Destroyer,LRM,false,47,false,6430.816842329499
Destroyer,LRM,false,48,true,6430.816842329499
Destroyer,LRM,false,49,true,6430.816842329499
Destroyer,LRM,false,50,true,6430.816842329499
Destroyer,LRM,false,51,true,6430.816842329499
Destroyer,LRM,false,52,true,6430.816842329499
Destroyer,LRM,false,53,true,6430.816842329499
Destroyer,LRM,false,54,true,6430.816842329499
Destroyer,LRM,false,55,true,6430.816842329499
Destroyer,LRM,false,56,true,6430.816842329499
Destroyer,LRM,false,57,true,6430.816842329499
Destroyer,LRM,false,58,false,6430.816842329499
Destroyer,LRM,false,59,true,6430.816842329499
Destroyer,LRM,false,60,true,6430.816842329499
Destroyer,LRM,false,61,true,6430.816842329499
Destroyer,LRM,false,62,true,6430.816842329499
Destroyer,LRM,false,63,true,6430.816842329499
Destroyer,LRM,true,0,false,7121.360036286516
Destroyer,LRM,true,1,false,7121.358341844549
Destroyer,LRM,true,2,false,7121.358508822763
Destroyer,LRM,true,3,false,7121.359993538084
Destroyer,LRM,true,4,false,7121.359122875628
Destroyer,LRM,true,5,false,7121.35747199423
Destroyer,LRM,true,6,false,7121.356458990475
Destroyer,LRM,true,7,false,7121.358815584912
Destroyer,LRM,true,8,false,7121.357735620241
Destroyer,LRM,true,9,false,7121.356840424513
Destroyer,LRM,true,10,false,7121.359953445153
Destroyer,LRM,true,11,false,7121.356411169447
Destroyer,LRM,true,12,false,7121.3574484288
Destroyer,LRM,true,13,false,7121.356346385624
Destroyer,LRM,true,14,false,7121.3590202791975
Destroyer,LRM,true,15,false,7121.358375416765
Destroyer,LRM,true,16,false,7121.358370104118
Destroyer,LRM,true,17,false,7121.356595269357
Destroyer,LRM,true,18,false,7121.358131199997
Destroyer,LRM,true,19,false,7121.359511269923
Destroyer,LRM,true,20,false,7121.356044467936
Destroyer,LRM,true,21,false,7121.358083894599
Destroyer,LRM,true,22,false,7121.3589684881545
Destroyer,LRM,true,23,false,7121.359029580441
Destroyer,LRM,true,24,false,7121.357138962714
Destroyer,LRM,true,25,false,7121.357627659137
Destroyer,LRM,true,26,false,7121.356913791418
Destroyer,LRM,true,27,false,7121.356539354245
Destroyer,LRM,true,28,false,7121.356410032767
Destroyer,LRM,true,29,false,7121.358562961769
Destroyer,LRM,true,30,false,7121.359649530976
Destroyer,LRM,true,31,false,7121.356387487664
Destroyer,LRM,true,32,false,7121.357150513012
Destroyer,LRM,true,33,false,7121.359928118186
Destroyer,LRM,true,34,false,7121.359358387755
Destroyer,LRM,true,35,false,7121.356021165593
Destroyer,LRM,true,36,false,7121.3583293703605
Destroyer,LRM,true,37,false,7121.357720054274
Destroyer,LRM,true,38,false,7121.356037407586
Destroyer,LRM,true,39,false,7121.358439852943
Destroyer,LRM,true,40,false,7121.359572422954
Destroyer,LRM,true,41,false,7121.358071917914
Destroyer,LRM,true,42,false,7121.358401271766
Destroyer,LRM,true,43,false,7121.358807079209
Destroyer,LRM,true,44,false,7121.355997058539
Destroyer,LRM,true,45,false,7121.359923268247
Destroyer,LRM,true,46,false,7121.358920705104
Destroyer,LRM,true,47,false,7121.359451952223
Destroyer,LRM,true,48,false,7121.35946880662
Destroyer,LRM,true,49,false,7121.360060886205
Destroyer,LRM,true,50,false,7121.357670101641
Destroyer,LRM,true,51,false,7121.357092501476
Destroyer,LRM,true,52,false,7121.357863776286
Destroyer,LRM,true,53,false,7121.35907072324
Destroyer,LRM,true,54,false,7121.358786918397
Destroyer,LRM,true,55,false,7121.358483405958
Destroyer,LRM,true,56,false,7121.359737965357
Destroyer,LRM,true,57,false,7121.35594226322
Destroyer,LRM,true,58,false,7121.358847279457
Destroyer,LRM,true,59,false,7121.356756640116
Destroyer,LRM,true,60,false,7121.357844255898
Destroyer,LRM,true,61,false,7121.357659876724
Destroyer,LRM,true,62,false,7121.357873673829
Destroyer,LRM,true,63,false,7121.358620174359
Cruiser,SRM,false,0,true,1195.1362821025114
Cruiser,SRM,false,1,true,1195.1362812393838
Cruiser,SRM,false,2,true,1195.136281270153
Cruiser,SRM,false,3,true,1195.1362820657505
Cruiser,SRM,false,4,true,1195.1362814855615
Cruiser,SRM,false,5,true,1195.1362812718967
Cruiser,SRM,false,6,true,1195.1362817190466
Cruiser,SRM,false,7,true,1195.1362813576843
Cruiser,SRM,false,8,true,1195.1362812278257
Cruiser,SRM,false,9,true,1195.136281498868
Cruiser,SRM,false,10,true,1195.1362820319807
Cruiser,SRM,false,11,true,1195.136281751087
Cruiser,SRM,false,12,true,1195.1362812772877
Cruiser,SRM,false,13,true,1195.1362817960733
Cruiser,SRM,false,14,true,1195.1362814383904
Cruiser,SRM,false,15,true,1195.1362812446116
Cruiser,SRM,false,16,true,1195.1362812437483
Cruiser,SRM,false,17,true,1195.1362816332085
Cruiser,SRM,false,18,true,1195.1362812175455
Cruiser,SRM,false,19,true,1195.136281704636
Cruiser,SRM,false,20,true,1195.136282029536
Cruiser,SRM,false,21,true,1195.136281215249
Cruiser,SRM,false,22,true,1195.1362814162908
Cruiser,SRM,false,23,true,1195.1362814424904
Cruiser,SRM,false,24,true,1195.1362813702042
Cruiser,SRM,false,25,true,1195.1362812422728
Cruiser,SRM,false,26,true,1195.1362814636707
Cruiser,SRM,false,27,true,1195.1362816674616
Cruiser,SRM,false,28,true,1195.1362817518748
Cruiser,SRM,false,29,true,1195.136281282683
Cruiser,SRM,false,30,true,1195.1362817980726
Cruiser,SRM,false,31,true,1195.1362817673155
Cruiser,SRM,false,32,false,1195.1362813660053
Cruiser,SRM,false,33,false,1195.1362820109982
Cruiser,SRM,false,34,true,1195.1362816107558
Cruiser,SRM,false,35,true,1195.1362820492127
Cruiser,SRM,false,36,true,1195.136281237558
Cruiser,SRM,false,37,true,1195.1362812296009
Cruiser,SRM,false,38,true,1195.1362820354798
Cruiser,SRM,false,39,true,1195.1362812559996
Cruiser,SRM,false,40,true,1195.1362817449756
Cruiser,SRM,false,41,true,1195.1362812148195
Cruiser,SRM,false,42,true,1195.136281248969
Cruiser,SRM,false,43,true,1195.1362813547248
Cruiser,SRM,false,44,true,1195.136282069795
Cruiser,SRM,false,45,true,1195.1362820070028
Cruiser,SRM,false,46,true,1195.1362813969065
Cruiser,SRM,false,47,true,1195.1362816670216
Cruiser,SRM,false,48,true,1195.1362816775707
Cruiser,SRM,false,49,true,1195.1362821240357
Cruiser,SRM,false,50,true,1195.1362812359976
Cruiser,SRM,false,51,true,1195.1362813877056
Cruiser,SRM,false,52,true,1195.136281217158
Cruiser,SRM,false,53,false,1195.1362814610316
Cruiser,SRM,false,54,true,1195.1362813478067
Cruiser,SRM,false,55,true,1195.1362812647035
Cruiser,SRM,false,56,true,1195.136281862111
Cruiser,SRM,false,57,false,1195.1362821175212
Cruiser,SRM,false,58,true,1195.13628136902
Cruiser,SRM,false,59,true,1195.1362815418515
Cruiser,SRM,false,60,true,1195.1362812183297
Cruiser,SRM,false,61,true,1195.1362812374375
Cruiser,SRM,false,62,true,1195.1362812166274
Cruiser,SRM,false,63,true,1195.136281297287
Cruiser,SRM,true,0,true,1195.1362821025114
Cruiser,SRM,true,1,true,1195.1362812393838
Cruiser,SRM,true,2,true,1195.136281270153
Cruiser,SRM,true,3,true,1195.1362820657505
Cruiser,SRM,true,4,true,1195.1362814855615
Cruiser,SRM,true,5,true,1195.1362812718967
Cruiser,SRM,true,6,true,1195.1362817190466
Cruiser,SRM,true,7,true,1195.1362813576843
Cruiser,SRM,true,8,true,1195.1362812278257
Cruiser,SRM,true,9,true,1195.136281498868
Cruiser,SRM,true,10,true,1195.1362820319807
Cruiser,SRM,true,11,true,1195.136281751087
Cruiser,SRM,true,12,true,1195.1362812772877
Cruiser,SRM,true,13,true,1195.1362817960733
Cruiser,SRM,true,14,true,1195.1362814383904
Cruiser,SRM,true,15,true,1195.1362812446116
Cruiser,SRM,true,16,true,1195.1362812437483
Cruiser,SRM,true,17,true,1195.1362816332085
Cruiser,SRM,true,18,true,1195.1362812175455
Cruiser,SRM,true,19,true,1195.136281704636
Cruiser,SRM,true,20,true,1195.136282029536
Cruiser,SRM,true,21,true,1195.136281215249
Cruiser,SRM,true,22,true,1195.1362814162908
Cruiser,SRM,true,23,true,1195.1362814424904
Cruiser,SRM,true,24,true,1195.1362813702042
Cruiser,SRM,true,25,true,1195.1362812422728
Cruiser,SRM,true,26,true,1195.1362814636707
Cruiser,SRM,true,27,true,1195.1362816674616
Cruiser,SRM,true,28,true,1195.1362817518748
Cruiser,SRM,true,29,true,1195.136281282683
Cruiser,SRM,true,30,true,1195.1362817980726
Cruiser,SRM,true,31,true,1195.1362817673155
Cruiser,SRM,true,32,false,1195.1362813660053
Cruiser,SRM,true,33,false,1195.1362820109982
Cruiser,SRM,true,34,true,1195.1362816107558
Cruiser,SRM,true,35,true,1195.1362820492127
Cruiser,SRM,true,36,true,1195.136281237558
Cruiser,SRM,true,37,true,1195.1362812296009
Cruiser,SRM,true,38,true,1195.1362820354798
Cruiser,SRM,true,39,true,1195.1362812559996
Cruiser,SRM,true,40,true,1195.1362817449756
Cruiser,SRM,true,41,true,1195.1362812148195
Cruiser,SRM,true,42,true,1195.136281248969
Cruiser,SRM,true,43,true,1195.1362813547248
Cruiser,SRM,true,44,true,1195.136282069795
Cruiser,SRM,true,45,true,1195.1362820070028
Cruiser,SRM,true,46,true,1195.1362813969065
Cruiser,SRM,true,47,true,1195.1362816670216
Cruiser,SRM,true,48,true,1195.1362816775707
Cruiser,SRM,true,49,true,1195.1362821240357
Cruiser,SRM,true,50,true,1195.1362812359976
Cruiser,SRM,true,51,true,1195.1362813877056
Cruiser,SRM,true,52,true,1195.136281217158
Cruiser,SRM,true,53,false,1195.1362814610316
Cruiser,SRM,true,54,true,1195.1362813478067
Cruiser,SRM,true,55,true,1195.1362812647035
Cruiser,SRM,true,56,true,1195.136281862111
Cruiser,SRM,true,57,false,1195.1362821175212
Cruiser,SRM,true,58,true,1195.13628136902
Cruiser,SRM,true,59,true,1195.1362815418515
Cruiser,SRM,true,60,true,1195.1362812183297
Cruiser,SRM,true,61,true,1195.1362812374375
Cruiser,SRM,true,62,true,1195.1362812166274
Cruiser,SRM,true,63,true,1195.136281297287
Cruiser,LRM,false,0,true,6430.816842329499
Cruiser,LRM,false,1,true,6430.816842329499
Cruiser,LRM,false,2,false,6430.816842329499
Cruiser,LRM,false,3,true,6430.816842329499
Cruiser,LRM,false,4,true,6430.816842329499
Cruiser,LRM,false,5,true,6430.816842329499
Cruiser,LRM,false,6,true,6430.816842329499
Cruiser,LRM,false,7,false,6430.816842329499
Cruiser,LRM,false,8,false,6430.816842329499
Cruiser,LRM,false,9,true,6430.816842329499
Cruiser,LRM,false,10,true,6430.816842329499
Cruiser,LRM,false,11,true,6430.816842329499
Cruiser,LRM,false,12,true,6430.816842329499
Cruiser,LRM,false,13,true,6430.816842329499
Cruiser,LRM,false,14,true,6430.816842329499
Cruiser,LRM,false,15,true,6430.816842329499
Cruiser,LRM,false,16,true,6430.816842329499
Cruiser,LRM,false,17,false,6430.816842329499
Cruiser,LRM,false,18,true,6430.816842329499
Cruiser,LRM,false,19,true,6430.816842329499
Cruiser,LRM,false,20,true,6430.816842329499
Cruiser,LRM,false,21,true,6430.816842329499
Cruiser,LRM,false,22,true,6430.816842329499
Cruiser,LRM,false,23,true,6430.816842329499
Cruiser,LRM,false,24,true,6430.816842329499
Cruiser,LRM,false,25,false,6430.816842329499
Cruiser,LRM,false,26,true,6430.816842329499
Cruiser,LRM,false,27,true,6430.816842329499
Cruiser,LRM,false,28,true,6430.816842329499
Cruiser,LRM,false,29,true,6430.816842329499
Cruiser,LRM,false,30,true,6430.816842329499
Cruiser,LRM,false,31,true,6430.816842329499
Cruiser,LRM,false,32,true,6430.816842329499
Cruiser,LRM,false,33,true,6430.816842329499
Cruiser,LRM,false,34,true,6430.816842329499
Cruiser,LRM,false,35,true,6430.816842329499
Cruiser,LRM,false,36,true,6430.816842329499
Cruiser,LRM,false,37,true,6430.816842329499
Cruiser,LRM,false,38,true,6430.816842329499
Cruiser,LRM,false,39,false,6430.816842329499
Cruiser,LRM,false,40,false,6430.816842329499
Cruiser,LRM,false,41,true,6430.816842329499
Cruiser,LRM,false,42,true,6430.816842329499
Cruiser,LRM,false,43,true,6430.816842329499
Cruiser,LRM,false,44,true,6430.816842329499
Cruiser,LRM,false,45,true,6430.816842329499
Cruiser,LRM,false,46,true,6430.816842329499
Cruiser,LRM,false,47,true,6430.816842329499
Cruiser,LRM,false,48,true,6430.816842329499
Cruiser,LRM,false,49,true,6430.816842329499
Cruiser,LRM,false,50,false,6430.816842329499
Cruiser,LRM,false,51,true,6430.816842329499
Cruiser,LRM,false,52,false,6430.816842329499
Cruiser,LRM,false,53,false,6430.816842329499
Cruiser,LRM,false,54,false,6430.816842329499
Cruiser,LRM,false,55,false,6430.816842329499
Cruiser,LRM,false,56,false,6430.816842329499
Cruiser,LRM,false,57,false,6430.816842329499
Cruiser,LRM,false,58,true,6430.816842329499
Cruiser,LRM,false,59,true,6430.816842329499
Cruiser,LRM,false,60,true,6430.816842329499
Cruiser,LRM,false,61,false,6430.816842329499
Cruiser,LRM,false,62,true,6430.816842329499
Cruiser,LRM,false,63,true,6430.816842329499
Cruiser,LRM,true,0,false,6577.708201276252
Cruiser,LRM,true,1,false,6577.709704488062
Cruiser,LRM,true,2,true,6577.709544217549
Cruiser,LRM,true,3,true,6577.708235842653
Cruiser,LRM,true,4,true,6577.708977651961
Cruiser,LRM,true,5,true,6577.710582690315
Cruiser,LRM,true,6,true,6577.711697015235
Cruiser,LRM,true,7,true,6577.709256686877
Cruiser,LRM,true,8,false,6577.710308885363
Cruiser,LRM,true,9,true,6577.71126584447
Cruiser,LRM,true,10,true,6577.708268416011
Cruiser,LRM,true,11,true,6577.711752076518
Cruiser,LRM,true,12,true,6577.710607484443
Cruiser,LRM,true,13,true,6577.711827017949
Cruiser,LRM,true,14,true,6577.709069824719
Cruiser,LRM,true,15,true,6577.709672064813
Cruiser,LRM,true,16,false,6577.709677200595
Cruiser,LRM,true,17,true,6577.711541377289
Cruiser,LRM,true,18,true,6577.70991052299
Cruiser,LRM,true,19,true,6577.708637840796
Cruiser,LRM,true,20,true,6577.712181562737
Cruiser,LRM,true,21,true,6577.709957369291
Cruiser,LRM,true,22,false,6577.709116718498
Cruiser,LRM,true,23,true,6577.7090614165845
Cruiser,LRM,true,24,true,6577.710938129168
Cruiser,LRM,true,25,true,6577.710420206268
Cruiser,LRM,true,26,true,6577.711184483994
Cruiser,LRM,true,27,false,6577.711605017564
Cruiser,LRM,true,28,true,6577.711753394327
Cruiser,LRM,true,29,true,6577.709492822949
Cruiser,LRM,true,30,true,6577.708520340907
Cruiser,LRM,true,31,false,6577.711779420268
Cruiser,LRM,true,32,false,6577.710925630221
Cruiser,LRM,true,33,true,6577.7082890703905
Cruiser,LRM,true,34,true,6577.708769885243
Cruiser,LRM,true,35,true,6577.712209302174
Cruiser,LRM,true,36,true,6577.709716594894
Cruiser,LRM,true,37,true,6577.710324863293
Cruiser,LRM,true,38,false,6577.712189966693
Cruiser,LRM,true,39,true,6577.709610104492
Cruiser,LRM,true,40,true,6577.708585633117
Cruiser,LRM,true,41,true,6577.709969260654
Cruiser,LRM,true,42,true,6577.7096471473815
Cruiser,LRM,true,43,false,6577.709264523975
Cruiser,LRM,true,44,false,6577.7122380498
Cruiser,LRM,true,45,true,6577.708293041736
Cruiser,LRM,true,46,true,6577.70916022147
Cruiser,LRM,true,47,true,6577.708688822549
Cruiser,LRM,true,48,true,6577.708674286242
Cruiser,LRM,true,49,false,6577.708181445493
Cruiser,LRM,true,50,false,6577.7103763145615
Cruiser,LRM,true,51,true,6577.710988561235
Cruiser,LRM,true,52,true,6577.710178174548
Cruiser,LRM,true,53,false,6577.709024375165
Cruiser,LRM,true,54,true,6577.709283178225
Cruiser,LRM,true,55,true,6577.709568433599
Cruiser,LRM,true,56,true,6577.708446118082
Cruiser,LRM,true,57,false,6577.7123036008825
Cruiser,LRM,true,58,true,6577.70922748419
Cruiser,LRM,true,59,true,6577.711359343743
Cruiser,LRM,true,60,true,6577.710197992242
Cruiser,LRM,true,61,true,6577.710386852485
Cruiser,LRM,true,62,true,6577.710168150141
Cruiser,LRM,true,63,true,6577.709438810641
Battleship,SRM,false,0,true,1195.1362821025114
Battleship,SRM,false,1,true,1195.1362812393838
Battleship,SRM,false,2,true,1195.136281270153
Battleship,SRM,false,3,true,1195.1362820657505
Battleship,SRM,false,4,true,1195.1362814855615
Battleship,SRM,false,5,true,1195.1362812718967
Battleship,SRM,false,6,true,1195.1362817190466
Battleship,SRM,false,7,true,1195.1362813576843
Battleship,SRM,false,8,true,1195.1362812278257
Battleship,SRM,false,9,true,1195.136281498868
Battleship,SRM,false,10,true,1195.1362820319807
Battleship,SRM,false,11,false,1195.136281751087
Battleship,SRM,false,12,true,1195.1362812772877
Battleship,SRM,false,13,true,1195.1362817960733
Battleship,SRM,false,14,true,1195.1362814383904
Battleship,SRM,false,15,true,1195.1362812446116
Battleship,SRM,false,16,true,1195.1362812437483
Battleship,SRM,false,17,true,1195.1362816332085
Battleship,SRM,false,18,true,1195.1362812175455
Battleship,SRM,false,19,true,1195.136281704636
Battleship,SRM,false,20,true,1195.136282029536
Battleship,SRM,false,21,true,1195.136281215249
Battleship,SRM,false,22,true,1195.1362814162908
Battleship,SRM,false,23,true,1195.1362814424904
Battleship,SRM,false,24,true,1195.1362813702042
Battleship,SRM,false,25,true,1195.1362812422728
Battleship,SRM,false,26,true,1195.1362814636707
Battleship,SRM,false,27,true,1195.1362816674616
Battleship,SRM,false,28,true,1195.1362817518748
Battleship,SRM,false,29,true,1195.136281282683
Battleship,SRM,false,30,true,1195.1362817980726
Battleship,SRM,false,31,true,1195.1362817673155
Battleship,SRM,false,32,true,1195.1362813660053
Battleship,SRM,false,33,false,1195.1362820109982
Battleship,SRM,false,34,true,1195.1362816107558
Battleship,SRM,false,35,true,1195.1362820492127
Battleship,SRM,false,36,true,1195.136281237558
Battleship,SRM,false,37,true,1195.1362812296009
Battleship,SRM,false,38,true,1195.1362820354798
Battleship,SRM,false,39,true,1195.1362812559996
Battleship,SRM,false,40,true,1195.1362817449756
Battleship,SRM,false,41,true,1195.1362812148195
Battleship,SRM,false,42,true,1195.136281248969
Battleship,SRM,false,43,true,1195.1362813547248
Battleship,SRM,false,44,true,1195.136282069795
Battleship,SRM,false,45,true,1195.1362820070028
Battleship,SRM,false,46,true,1195.1362813969065
Battleship,SRM,false,47,true,1195.1362816670216
Battleship,SRM,false,48,true,1195.1362816775707
Battleship,SRM,false,49,true,1195.1362821240357
Battleship,SRM,false,50,true,1195.1362812359976
Battleship,SRM,false,51,true,1195.1362813877056
Battleship,SRM,false,52,true,1195.136281217158
Battleship,SRM,false,53,false,1195.1362814610316
Battleship,SRM,false,54,true,1195.1362813478067
Battleship,SRM,false,55,true,1195.1362812647035
Battleship,SRM,false,56,true,1195.136281862111
Battleship,SRM,false,57,false,1195.1362821175212
Battleship,SRM,false,58,true,1195.13628136902
Battleship,SRM,false,59,true,1195.1362815418515
Battleship,SRM,false,60,true,1195.1362812183297
Battleship,SRM,false,61,true,1195.1362812374375
Battleship,SRM,false,62,true,1195.1362812166274
Battleship,SRM,false,63,true,1195.136281297287
Battleship,SRM,true,0,true,1195.1362821025114
Battleship,SRM,true,1,true,1195.1362812393838
Battleship,SRM,true,2,true,1195.136281270153
Battleship,SRM,true,3,true,1195.1362820657505
Battleship,SRM,true,4,true,1195.1362814855615
Battleship,SRM,true,5,true,1195.1362812718967
Battleship,SRM,true,6,true,1195.1362817190466
Battleship,SRM,true,7,true,1195.1362813576843
Battleship,SRM,true,8,true,1195.1362812278257
Battleship,SRM,true,9,true,1195.136281498868
Battleship,SRM,true,10,true,1195.1362820319807
Battleship,SRM,true,11,false,1195.136281751087
Battleship,SRM,true,12,true,1195.1362812772877
Battleship,SRM,true,13,true,1195.1362817960733
Battleship,SRM,true,14,true,1195.1362814383904
Battleship,SRM,true,15,true,1195.1362812446116
Battleship,SRM,true,16,true,1195.1362812437483
Battleship,SRM,true,17,true,1195.1362816332085
Battleship,SRM,true,18,true,1195.1362812175455
Battleship,SRM,true,19,true,1195.136281704636
Battleship,SRM,true,20,true,1195.136282029536
Battleship,SRM,true,21,true,1195.136281215249
Battleship,SRM,true,22,true,1195.1362814162908
Battleship,SRM,true,23,true,1195.1362814424904
Battleship,SRM,true,24,true,1195.1362813702042
Battleship,SRM,true,25,true,1195.1362812422728
Battleship,SRM,true,26,true,1195.1362814636707
Battleship,SRM,true,27,true,1195.1362816674616
Battleship,SRM,true,28,true,1195.1362817518748
Battleship,SRM,true,29,true,1195.136281282683
Battleship,SRM,true,30,true,1195.1362817980726
Battleship,SRM,true,31,true,1195.1362817673155
Battleship,SRM,true,32,true,1195.1362813660053
Battleship,SRM,true,33,false,1195.1362820109982
Battleship,SRM,true,34,true,1195.1362816107558
Battleship,SRM,true,35,true,1195.1362820492127
Battleship,SRM,true,36,true,1195.136281237558
Battleship,SRM,true,37,true,1195.1362812296009
Battleship,SRM,true,38,true,1195.1362820354798
Battleship,SRM,true,39,true,1195.1362812559996
Battleship,SRM,true,40,true,1195.1362817449756
Battleship,SRM,true,41,true,1195.1362812148195
Battleship,SRM,true,42,true,1195.136281248969
Battleship,SRM,true,43,true,1195.1362813547248
Battleship,SRM,true,44,true,1195.136282069795
Battleship,SRM,true,45,true,1195.1362820070028
Battleship,SRM,true,46,true,1195.1362813969065
Battleship,SRM,true,47,true,1195.1362816670216
Battleship,SRM,true,48,true,1195.1362816775707
Battleship,SRM,true,49,true,1195.1362821240357
Battleship,SRM,true,50,true,1195.1362812359976
Battleship,SRM,true,51,true,1195.1362813877056
Battleship,SRM,true,52,true,1195.136281217158
Battleship,SRM,true,53,false,1195.1362814610316
Battleship,SRM,true,54,true,1195.1362813478067
Battleship,SRM,true,55,true,1195.1362812647035
Battleship,SRM,true,56,true,1195.136281862111
Battleship,SRM,true,57,false,1195.1362821175212
Battleship,SRM,true,58,true,1195.13628136902
Battleship,SRM,true,59,true,1195.1362815418515
Battleship,SRM,true,60,true,1195.1362812183297
Battleship,SRM,true,61,true,1195.1362812374375
Battleship,SRM,true,62,true,1195.1362812166274
Battleship,SRM,true,63,true,1195.136281297287
Battleship,LRM,false,0,true,6430.8170302345825
Battleship,LRM,false,1,true,6430.816847795225
Battleship,LRM,false,2,true,6430.816854299358
Battleship,LRM,false,3,true,6430.817022465531
Battleship,LRM,false,4,true,6430.81689983123
Battleship,LRM,false,5,true,6430.816854667943
Battleship,LRM,false,6,true,6430.816949184375
Battleship,LRM,false,7,false,6430.816872801391
Battleship,LRM,false,8,false,6430.816845352391
Battleship,LRM,false,9,true,6430.816902642728
Battleship,LRM,false,10,true,6430.817015330032
Battleship,LRM,false,11,true,6430.816955956836
Battleship,LRM,false,12,true,6430.816855807231
Battleship,LRM,false,13,true,6430.816965464646
Battleship,LRM,false,14,true,6430.816889859671
Battleship,LRM,false,15,false,6430.81684890016
Battleship,LRM,false,16,true,6430.816848718067
Battleship,LRM,false,17,false,6430.816931038435
Battleship,LRM,false,18,true,6430.816843179184
Battleship,LRM,false,19,true,6430.8169461361285
Battleship,LRM,false,20,true,6430.817014814174
Battleship,LRM,false,21,true,6430.816842693904
Battleship,LRM,false,22,true,6430.816885189448
Battleship,LRM,false,23,true,6430.816890727067
Battleship,LRM,false,24,true,6430.816875447649
Battleship,LRM,false,25,true,6430.816848405815
Battleship,LRM,false,26,true,6430.816895204299
Battleship,LRM,false,27,false,6430.816938278985
Battleship,LRM,false,28,true,6430.81695612223
Battleship,LRM,false,29,true,6430.816856947496
Battleship,LRM,false,30,true,6430.81696588618
Battleship,LRM,false,31,false,6430.816959387189
Battleship,LRM,false,32,true,6430.816874559405
Battleship,LRM,false,33,true,6430.817010895419
Battleship,LRM,false,34,false,6430.816926293416
Battleship,LRM,false,35,true,6430.817018971584
Battleship,LRM,false,36,true,6430.816847408908
Battleship,LRM,false,37,false,6430.81684572753
Battleship,LRM,false,38,true,6430.8170160694535
Battleship,LRM,false,39,true,6430.816851307711
Battleship,LRM,false,40,true,6430.816954665407
Battleship,LRM,false,41,true,6430.816842603126
Battleship,LRM,false,42,true,6430.816849821542
Battleship,LRM,false,43,true,6430.81687217534
Battleship,LRM,false,44,true,6430.817023322722
Battleship,LRM,false,45,true,6430.817010048294
Battleship,LRM,false,46,true,6430.816881091906
Battleship,LRM,false,47,true,6430.816938186136
Battleship,LRM,false,48,true,6430.816940417162
Battleship,LRM,false,49,true,6430.8170347884725
Battleship,LRM,false,50,true,6430.816847079605
Battleship,LRM,false,51,false,6430.8168791469925
Battleship,LRM,false,52,true,6430.8168430975675
Battleship,LRM,false,53,false,6430.8168946457945
Battleship,LRM,false,54,true,6430.816870713266
Battleship,LRM,false,55,true,6430.816853147669
Battleship,LRM,false,56,true,6430.816979424447
Battleship,LRM,false,57,true,6430.817033410615
Battleship,LRM,false,58,false,6430.816875196987
Battleship,LRM,false,59,true,6430.816911729084
Battleship,LRM,false,60,true,6430.81684334526
Battleship,LRM,false,61,true,6430.8168473834785
Battleship,LRM,false,62,false,6430.816842985416
Battleship,LRM,false,63,true,6430.816860034671
Battleship,LRM,true,0,true,6493.444183798575
Battleship,LRM,true,1,true,6493.444578867857
Battleship,LRM,true,2,false,6493.444528232068
Battleship,LRM,true,3,true,6493.444190532956
Battleship,LRM,true,4,false,6493.444364053101
Battleship,LRM,true,5,true,6493.4448842839865
Battleship,LRM,true,6,true,6493.44532823829
Battleship,LRM,true,7,true,6493.444441883061
Battleship,LRM,true,8,false,6493.444784345011
Battleship,LRM,true,9,true,6493.445149900684
Battleship,LRM,true,10,true,6493.444197000985
Battleship,LRM,true,11,true,6493.445351557478
Battleship,LRM,true,12,false,6493.444893528307
Battleship,LRM,true,13,true,6493.4453834871565
Battleship,LRM,true,14,true,6493.444389076727
Battleship,LRM,true,15,false,6493.444568485493
Battleship,LRM,true,16,true,6493.444570125338
Battleship,LRM,true,17,false,6493.445262979553
Battleship,LRM,true,18,true,6493.44464642569
Battleship,LRM,true,19,true,6493.44427807444
Battleship,LRM,true,20,true,6493.445537417565
Battleship,LRM,true,21,true,6493.444662157407
Battleship,LRM,true,22,false,6493.444402072301
Battleship,LRM,true,23,true,6493.4443867661075
Battleship,LRM,true,24,false,6493.44501973227
Battleship,LRM,true,25,false,6493.444824494498
Battleship,LRM,true,26,true,6493.44511713263
Battleship,LRM,true,27,true,6493.445289545879
Battleship,LRM,true,28,true,6493.445352117865
Battleship,LRM,true,29,true,6493.444512364482
Battleship,LRM,true,30,false,6493.4442508036145
Battleship,LRM,true,31,true,6493.445363182261
Battleship,LRM,true,32,false,6493.445014865748
Battleship,LRM,true,33,true,6493.444201161416
Battleship,LRM,true,34,false,6493.444310267999
Battleship,LRM,true,35,true,6493.445549655948
Battleship,LRM,true,36,true,6493.444582762354
Battleship,LRM,true,37,true,6493.444790066223
Battleship,LRM,true,38,false,6493.445541122608
Battleship,LRM,true,39,true,6493.444548839182
Battleship,LRM,true,40,true,6493.444265795375
Battleship,LRM,true,41,true,6493.444666172159
Battleship,LRM,true,42,true,6493.444560554052
Battleship,LRM,true,43,true,6493.444444156611
Battleship,LRM,true,44,true,6493.445562367154
Battleship,LRM,true,45,true,6493.444201965267
Battleship,LRM,true,46,true,6493.444414283112
Battleship,LRM,true,47,true,6493.444290314471
Battleship,LRM,true,48,true,6493.444286800738
Battleship,LRM,true,49,true,6493.4441799982405
Battleship,LRM,true,50,true,6493.444808583836
Battleship,LRM,true,51,true,6493.445039444471
Battleship,LRM,true,52,true,6493.4447380769625
Battleship,LRM,true,53,true,6493.444376651652
Battleship,LRM,true,54,true,6493.444449586483
Battleship,LRM,true,55,true,6493.444535771728
Battleship,LRM,true,56,true,6493.444234275228
Battleship,LRM,true,57,true,6493.445591460654
Battleship,LRM,true,58,true,6493.44443345284
Battleship,LRM,true,59,false,6493.445187911523
Battleship,LRM,true,60,false,6493.444745029805
Battleship,LRM,true,61,true,6493.4448123943275
Battleship,LRM,true,62,true,6493.4447345683775
Battleship,LRM,true,63,true,6493.444495888261
