range_au,depth,seed,killed,hull,hits,interceptor_kills,pd_kills,finished
0.1,0,1000,true,0,11,0,3,true
0.1,0,1001,true,0,11,0,5,true
0.1,0,1002,true,0,11,0,4,true
0.1,0,1003,false,75.54581732454214,10,0,8,true
0.1,0,1004,true,0,11,0,2,true
0.1,0,1005,true,0,11,0,3,true
0.1,0,1006,true,0,11,0,3,true
0.1,0,1007,true,0,11,0,0,true
0.1,0,1008,true,0,11,0,3,true
0.1,0,1009,true,0,11,0,1,true
0.1,0,1010,true,0,11,0,3,true
0.1,0,1011,true,0,11,0,3,true
0.1,30,1000,false,825.3904108818801,4,8,6,true
0.1,30,1001,false,575.3811854261006,6,9,2,true
0.1,30,1002,false,75.91286272260142,10,6,3,true
0.1,30,1003,false,575.4395082898699,6,6,5,true
0.1,30,1004,false,576.0617238997614,6,7,4,true
0.1,30,1005,false,700.4698146406943,5,9,3,true
0.1,30,1006,false,325.56273927243797,8,7,5,true
0.1,30,1007,false,925.1183037818022,3,8,7,true
0.1,30,1008,false,200.37796170609164,9,9,2,true
0.1,30,1009,false,450.5275080044791,7,4,5,true
0.1,30,1010,false,75.67738463124459,10,7,1,true
0.1,30,1011,false,700.1887765500987,5,8,6,true
0.19,0,1000,false,1000,0,0,0,true
0.19,0,1001,false,1000,0,0,0,true
0.19,0,1002,false,1000,0,0,0,true
0.19,0,1003,false,1000,0,0,0,true
0.19,0,1004,false,1000,0,0,0,true
0.19,0,1005,false,1000,0,0,0,true
0.19,0,1006,false,1000,0,0,0,true
0.19,0,1007,false,1000,0,0,0,true
0.19,0,1008,false,1000,0,0,0,true
0.19,0,1009,false,1000,0,0,0,true
0.19,0,1010,false,1000,0,0,0,true
0.19,0,1011,false,1000,0,0,0,true
0.19,30,1000,false,1000,0,0,0,true
0.19,30,1001,false,1000,0,0,0,true
0.19,30,1002,false,1000,0,0,0,true
0.19,30,1003,false,1000,0,0,0,true
0.19,30,1004,false,1000,0,0,0,true
0.19,30,1005,false,1000,0,0,0,true
0.19,30,1006,false,1000,0,0,0,true
0.19,30,1007,false,1000,0,0,0,true
0.19,30,1008,false,1000,0,0,0,true
0.19,30,1009,false,1000,0,0,0,true
0.19,30,1010,false,1000,0,0,0,true
0.19,30,1011,false,1000,0,0,0,true
